,Unnamed: 0,date,ishol/week,group,name,quantity,unit_cogs,monthly_Avgtemp,monthly_avg_FeelsLikeC,monthly_avg_HeatIndexC,monthly_avg_cloudcover,monthly_avg_humidity
892,892,2018-01-01,9,GENERAL,BATERIA 44 R3 MAXELL,21,0.96,-0.4199999999999999,-4.84,1,2,82.81
893,893,2018-01-01,9,GENERAL,BERLISO 180 G +20 G CZEKOL,6,1.21,-0.4199999999999999,-4.84,1,2,82.81
894,894,2018-01-01,9,GENERAL,BERLISO 180 G+20G TRUSKA,17,1.52764705882353,-0.4199999999999999,-4.84,1,2,82.81
895,895,2018-01-01,9,GENERAL,CIASTKA KRAKUSKI DESEROWE Z CUKREM 200G,1,1.96,-0.4199999999999999,-4.84,1,2,82.81
896,896,2018-01-01,9,GENERAL,CZARNUSZKA 50 G,1,2.17,-0.4199999999999999,-4.84,1,2,82.81
897,897,2018-01-01,9,GENERAL,CZEK.ALPEN GOLD 90G TRUS.,1,2.13,-0.4199999999999999,-4.84,1,2,82.81
898,898,2018-01-01,9,GENERAL,DR O KISIEL SLODKA CHWILA 32 G TRUS,1,1.18,-0.4199999999999999,-4.84,1,2,82.81
899,899,2018-01-01,9,GENERAL,DR OETKER KISIEL SLODKS CHWILA 32 G MAL,7,1.18,-0.4199999999999999,-4.84,1,2,82.81
900,900,2018-01-01,9,GENERAL,DROZDZE BABUNI 100G,9,0.64,-0.4199999999999999,-4.84,1,2,82.81
901,901,2018-01-01,9,GENERAL,FASOLA BIALA 400G SLON.OGROD,4,1.18,-0.4199999999999999,-4.84,1,2,82.81
902,902,2018-01-01,9,GENERAL,FASOLA PIEKNY JAS 400 SARITA,4,2.37,-0.4199999999999999,-4.84,1,2,82.81
903,903,2018-01-01,9,GENERAL,FASOLKA ZÓ?TA 400 G MROZONA,1,3.27,-0.4199999999999999,-4.84,1,2,82.81
904,904,2018-01-01,9,GENERAL,GOLARKA VENUS 2 SZT,1,2.04,-0.4199999999999999,-4.84,1,2,82.81
905,905,2018-01-01,9,GENERAL,HALLES LIMON,1,1.39,-0.4199999999999999,-4.84,1,2,82.81
906,906,2018-01-01,9,GENERAL,JOGURT NATURALNY 330 G GRECKI,3,2.77,-0.4199999999999999,-4.84,1,2,82.81
907,907,2018-01-01,9,GENERAL,KAMIS MAJERANEK 9 G,4,1.35,-0.4199999999999999,-4.84,1,2,82.81
908,908,2018-01-01,9,GENERAL,KASZKA MANNA 400 G SARITA,4,0.92,-0.4199999999999999,-4.84,1,2,82.81
909,909,2018-01-01,9,GENERAL,KLEJ SUPER GLU,4,1.12,-0.4199999999999999,-4.84,1,2,82.81
910,910,2018-01-01,9,GENERAL,KNORR FIX RURKI Z KURCZAKIEM,5,1.99,-0.4199999999999999,-4.84,1,2,82.81
911,911,2018-01-01,9,GENERAL,KNORR G.K KREM Z KURY Z GRZANKAMI,6,1.31,-0.4199999999999999,-4.84,1,2,82.81
912,912,2018-01-01,9,GENERAL,KNORR G.K MAKARON BOLONSKI,2,3.52,-0.4199999999999999,-4.84,1,2,82.81
913,913,2018-01-01,9,GENERAL,KNORR G.K. DANIE SER+BROKU? 50 G,1,3.52,-0.4199999999999999,-4.84,1,2,82.81
914,914,2018-01-01,9,GENERAL,KNORR G.K. GULASZOWA Z MAKARONEM,3,1.31,-0.4199999999999999,-4.84,1,2,82.81
915,915,2018-01-01,9,GENERAL,KNORR G.K. PIECZARKOWA,2,0.94,-0.4199999999999999,-4.84,1,2,82.81
916,916,2018-01-01,9,GENERAL,KNORR NUDLE CARBONARA 64 G,2,1.0,-0.4199999999999999,-4.84,1,2,82.81
917,917,2018-01-01,9,GENERAL,KNORR NUDLE PIECZONY KURCZAK  61 G,2,0.99,-0.4199999999999999,-4.84,1,2,82.81
918,918,2018-01-01,9,GENERAL,KRAKUS BARSZCZ CZERW.300 ML KONC,1,2.87,-0.4199999999999999,-4.84,1,2,82.81
919,919,2018-01-01,9,GENERAL,KRAKUS GULASZ ANGIELSKI  155G,2,3.01,-0.4199999999999999,-4.84,1,2,82.81
920,920,2018-01-01,9,GENERAL,KROKIETY Z MIESEM  GRZESKOWIAK,1,4.95,-0.4199999999999999,-4.84,1,2,82.81
921,921,2018-01-01,9,GENERAL,KUBUS WOTER 0_5 L N/G DZIUB.,1,1.39,-0.4199999999999999,-4.84,1,2,82.81
922,922,2018-01-01,9,GENERAL,MAKA JAGLANA 500 G,2,4.96,-0.4199999999999999,-4.84,1,2,82.81
923,923,2018-01-01,9,GENERAL,MIESZANKA KEKS 90 G,1,1.58,-0.4199999999999999,-4.84,1,2,82.81
924,924,2018-01-01,9,GENERAL,MLEKO KOKOSOWE 250 ML BANAN,2,3.4,-0.4199999999999999,-4.84,1,2,82.81
925,925,2018-01-01,9,GENERAL,MLEKO KOKOSOWE 250 ML CZEKOLADA,1,3.4,-0.4199999999999999,-4.84,1,2,82.81
926,926,2018-01-01,9,GENERAL,MLEKO KOKOSOWE 250 ML TRUSKAWKA,3,3.4,-0.4199999999999999,-4.84,1,2,82.81
927,927,2018-01-01,9,GENERAL,MOZZARELLA 125 G MINI,2,3.06,-0.4199999999999999,-4.84,1,2,82.81
928,928,2018-01-01,9,GENERAL,ORZESZKI W SKORUPCE 100G CEBULA,3,1.5,-0.4199999999999999,-4.84,1,2,82.81
929,929,2018-01-01,9,GENERAL,ORZESZKI W SKORUPCE 100G PAPRYKA,6,1.57,-0.4199999999999999,-4.84,1,2,82.81
930,930,2018-01-01,9,GENERAL,PAPRYKARZ KURCZAK DLA JUNIORA 125 G,2,2.13,-0.4199999999999999,-4.84,1,2,82.81
931,931,2018-01-01,9,GENERAL,PAPRYKARZ RYBKA DLA JUNIORA 125 G,2,2.13,-0.4199999999999999,-4.84,1,2,82.81
932,932,2018-01-01,9,GENERAL,PASSATA 680 G LOWICZ,1,3.97,-0.4199999999999999,-4.84,1,2,82.81
933,933,2018-01-01,9,GENERAL,PIZZA KEBAB 420 G,1,6.76,-0.4199999999999999,-4.84,1,2,82.81
934,934,2018-01-01,9,GENERAL,PLATKI FITNESS 225 G FRUITS,2,4.19,-0.4199999999999999,-4.84,1,2,82.81
935,935,2018-01-01,9,GENERAL,PLATKI FITNESS 30% CUKRU 225 G NESTLE,1,4.19,-0.4199999999999999,-4.84,1,2,82.81
936,936,2018-01-01,9,GENERAL,PLATKI RYZOWE 500 G BLYSKAWICZNE,1,4.75,-0.4199999999999999,-4.84,1,2,82.81
937,937,2018-01-01,9,GENERAL,POPCORN  SOLONY 90 G HELIO,4,1.55,-0.4199999999999999,-4.84,1,2,82.81
938,938,2018-01-01,9,GENERAL,PRECELKI DJ 150 GQ,4,1.26,-0.4199999999999999,-4.84,1,2,82.81
939,939,2018-01-01,9,GENERAL,PRZYPRAWA DO DROBIU 20 G,1,2.08,-0.4199999999999999,-4.84,1,2,82.81
940,940,2018-01-01,9,GENERAL,PRZYPRAWA DO ROSOLU,1,2.08,-0.4199999999999999,-4.84,1,2,82.81
941,941,2018-01-01,9,GENERAL,PRZYPRAWA POMID+CZOSNKOWA Z CZARNU 50 G,3,3.38,-0.4199999999999999,-4.84,1,2,82.81
942,942,2018-01-01,9,GENERAL,SER KASZTELAN 150 G,7,3.43,-0.4199999999999999,-4.84,1,2,82.81
943,943,2018-01-01,9,GENERAL,SOK Z BURAKA 1 L,1,6.18,-0.4199999999999999,-4.84,1,2,82.81
944,944,2018-01-01,9,GENERAL,SOK Z BURAKA 750 ML,1,3.84,-0.4199999999999999,-4.84,1,2,82.81
945,945,2018-01-01,9,GENERAL,SOK Z CZARNEGO BZU 750 ML 100%,1,6.7,-0.4199999999999999,-4.84,1,2,82.81
946,946,2018-01-01,9,GENERAL,SOK Z GRANATU 750 ML 100%,2,5.67,-0.4199999999999999,-4.84,1,2,82.81
947,947,2018-01-01,9,GENERAL,SOL HIMALAJSKA ROZOWA 500 G,1,2.45,-0.4199999999999999,-4.84,1,2,82.81
948,948,2018-01-01,9,GENERAL,SZNURA HAMBURGER Z SOSEM CZOSN,5,3.2,-0.4199999999999999,-4.84,1,2,82.81
949,949,2018-01-01,9,GENERAL,SZNURA HAMBURGER Z SOSEM MUSZTARDOWYM,3,3.2,-0.4199999999999999,-4.84,1,2,82.81
950,950,2018-01-01,9,GENERAL,SZNURA KANAPKA Z SZYNKA 140 G,1,3.2,-0.4199999999999999,-4.84,1,2,82.81
951,951,2018-01-01,9,GENERAL,SZNURA KANAPKA ZE SCHABEM,1,3.2,-0.4199999999999999,-4.84,1,2,82.81
952,952,2018-01-01,9,GENERAL,SZNURA KLUSKI ZIEMNIACZANE Z BOCZKIE 400,2,3.33,-0.4199999999999999,-4.84,1,2,82.81
953,953,2018-01-01,9,GENERAL,SZNURA PIEROGI RUSKIE 400 G,1,3.33,-0.4199999999999999,-4.84,1,2,82.81
954,954,2018-01-01,9,GENERAL,SZNURA PIEROGI Z SEREM 400 G,3,4.29,-0.4199999999999999,-4.84,1,2,82.81
955,955,2018-01-01,9,GENERAL,SZNURA PLACKI ZIEMNIACZANE 400 G,2,3.33,-0.4199999999999999,-4.84,1,2,82.81
956,956,2018-01-01,9,GENERAL,SZNURA VITA LUNCH GRECKI 240 G,1,3.29,-0.4199999999999999,-4.84,1,2,82.81
957,957,2018-01-01,9,GENERAL,SZNURA ZAPIEKANKA  250 G,2,3.33,-0.4199999999999999,-4.84,1,2,82.81
958,958,2018-01-01,9,GENERAL,SZPARAGI 330 G KIER,1,6.14,-0.4199999999999999,-4.84,1,2,82.81
959,959,2018-01-01,9,GENERAL,TABLETKI PIEC ZIÓL GARD?O,2,3.6,-0.4199999999999999,-4.84,1,2,82.81
960,960,2018-01-01,9,GENERAL,TRUSKAWKI W SYROPIE 410 G M-K,1,3.03,-0.4199999999999999,-4.84,1,2,82.81
961,961,2018-01-01,9,GENERAL,WIN BUDYN CZEKOL DO CIAST 40 G,8,0.74,-0.4199999999999999,-4.84,1,2,82.81
962,962,2018-01-01,9,GENERAL,WIN BUDYN DO CIAST WANILIOWY 35 G,4,0.74,-0.4199999999999999,-4.84,1,2,82.81
963,963,2018-01-01,9,GENERAL,WIN BULION Z GRZYBAMI LESNYMI 6K,2,2.31,-0.4199999999999999,-4.84,1,2,82.81
964,964,2018-01-01,9,GENERAL,WIN GALARETKA PRZEZROCZYSTA 71 G,7,1.12,-0.4199999999999999,-4.84,1,2,82.81
965,965,2018-01-01,9,GENERAL,WIN MAJONEZ 300 G,21,2.93,-0.4199999999999999,-4.84,1,2,82.81
966,966,2018-01-01,9,GENERAL,WORKI NA SMIECI 35L*26SZT,1,2.15,-0.4199999999999999,-4.84,1,2,82.81
967,967,2018-01-01,9,GENERAL,ZESZYT W KRATKE 16,1,0.65,-0.4199999999999999,-4.84,1,2,82.81
968,968,2018-01-01,9,GENERAL,ZIOLA MA?GOSI 60 G,1,1.4,-0.4199999999999999,-4.84,1,2,82.81
969,969,2018-01-01,9,GENERAL,ZUPA 9 WARZYW 450 G,1,3.52,-0.4199999999999999,-4.84,1,2,82.81
2662,2662,2018-01-02,8,GENERAL,BATERIA 44 R3 MAXELL,28,0.902142857142857,-3.29,-7.61,0,2,76.04
2663,2663,2018-01-02,8,GENERAL,BERLISO 180 G +20 G CZEKOL,1,1.21,-3.29,-7.61,0,2,76.04
2664,2664,2018-01-02,8,GENERAL,BERLISO 180 G+20G TRUSKA,1,1.21,-3.29,-7.61,0,2,76.04
2665,2665,2018-01-02,8,GENERAL,BOROWIK SUSZONY 20 G,1,3.35,-3.29,-7.61,0,2,76.04
2666,2666,2018-01-02,8,GENERAL,CIASTKA KRAKUSKI DESEROWE Z CUKREM 200G,5,1.96,-3.29,-7.61,0,2,76.04
2667,2667,2018-01-02,8,GENERAL,CIASTO FRANCUSKIE 375 G,2,3.37,-3.29,-7.61,0,2,76.04
2668,2668,2018-01-02,8,GENERAL,CWIKLA Z CHRZANEM 300 G SLON.OGROD,4,1.35,-3.29,-7.61,0,2,76.04
2669,2669,2018-01-02,8,GENERAL,CZEK ALPEN GOLD 100G ORZECH,2,2.04,-3.29,-7.61,0,2,76.04
2670,2670,2018-01-02,8,GENERAL,DELECTA AROMAT ARAKOWY,1,1.0,-3.29,-7.61,0,2,76.04
2671,2671,2018-01-02,8,GENERAL,DESER MONTE CRUNCHY 125 G,7,2.16857142857143,-3.29,-7.61,0,2,76.04
2672,2672,2018-01-02,8,GENERAL,DR O KISIEL SLODKA CHWILA 32 G TRUS,4,1.18,-3.29,-7.61,0,2,76.04
2673,2673,2018-01-02,8,GENERAL,DR OETKER KISIEL SLODKS CHWILA 32 G MAL,6,1.18,-3.29,-7.61,0,2,76.04
2674,2674,2018-01-02,8,GENERAL,FASOLA BIALA 400G SLON.OGROD,5,1.248,-3.29,-7.61,0,2,76.04
2675,2675,2018-01-02,8,GENERAL,FASOLKA ZÓ?TA 400 G MROZONA,2,3.27,-3.29,-7.61,0,2,76.04
2676,2676,2018-01-02,8,GENERAL,GOLARKA VENUS 2 SZT,1,2.04,-3.29,-7.61,0,2,76.04
2677,2677,2018-01-02,8,GENERAL,JOGURT NATURALNY 330 G GRECKI,3,2.77,-3.29,-7.61,0,2,76.04
2678,2678,2018-01-02,8,GENERAL,KAMIS MAJERANEK 9 G,1,1.35,-3.29,-7.61,0,2,76.04
2679,2679,2018-01-02,8,GENERAL,KAPARY 125 G OLE,1,3.06,-3.29,-7.61,0,2,76.04
2680,2680,2018-01-02,8,GENERAL,KASZKA MANNA 400 G SARITA,4,0.92,-3.29,-7.61,0,2,76.04
2681,2681,2018-01-02,8,GENERAL,KLEJ SUPER GLU,1,1.07,-3.29,-7.61,0,2,76.04
2682,2682,2018-01-02,8,GENERAL,KNORR FIX RURKI Z KURCZAKIEM,2,1.99,-3.29,-7.61,0,2,76.04
2683,2683,2018-01-02,8,GENERAL,KNORR G.K KREM Z KURY Z GRZANKAMI,9,1.31,-3.29,-7.61,0,2,76.04
2684,2684,2018-01-02,8,GENERAL,KNORR G.K. GULASZOWA Z MAKARONEM,2,1.31,-3.29,-7.61,0,2,76.04
2685,2685,2018-01-02,8,GENERAL,KNORR NUDLE CARBONARA 64 G,6,1.0,-3.29,-7.61,0,2,76.04
2686,2686,2018-01-02,8,GENERAL,KNORR NUDLE PIECZONY KURCZAK  61 G,2,0.99,-3.29,-7.61,0,2,76.04
2687,2687,2018-01-02,8,GENERAL,KNORR SOS SAL.TRUSKAWKA Z CHILI,1,1.36,-3.29,-7.61,0,2,76.04
2688,2688,2018-01-02,8,GENERAL,KRAKUS BARSZCZ CZERW.300 ML KONC,2,2.87,-3.29,-7.61,0,2,76.04
2689,2689,2018-01-02,8,GENERAL,KRAKUS GULASZ ANGIELSKI  155G,5,3.01,-3.29,-7.61,0,2,76.04
2690,2690,2018-01-02,8,GENERAL,KROKIWTY Z KAP.I GRZYBAMI 400G,1,4.17,-3.29,-7.61,0,2,76.04
2691,2691,2018-01-02,8,GENERAL,MAKA KASZTANOWA 200G,1,8.44,-3.29,-7.61,0,2,76.04
2692,2692,2018-01-02,8,GENERAL,MAKA KUKURYDZIANA 500G,1,2.45,-3.29,-7.61,0,2,76.04
2693,2693,2018-01-02,8,GENERAL,MAKA RYZOWA 500 G,1,3.43,-3.29,-7.61,0,2,76.04
2694,2694,2018-01-02,8,GENERAL,MIESZANKA KEKS 90 G,4,1.58,-3.29,-7.61,0,2,76.04
2695,2695,2018-01-02,8,GENERAL,MLEKOLAKI CHOCO 250 G,2,2.91,-3.29,-7.61,0,2,76.04
2696,2696,2018-01-02,8,GENERAL,MOZZARELLA 125 G MINI,1,3.06,-3.29,-7.61,0,2,76.04
2697,2697,2018-01-02,8,GENERAL,OCET WINNY ZIO?OWY 750 ML,1,4.28,-3.29,-7.61,0,2,76.04
2698,2698,2018-01-02,8,GENERAL,OLEJ KOKOSOWY 200 ML,1,5.44,-3.29,-7.61,0,2,76.04
2699,2699,2018-01-02,8,GENERAL,OLIWKI 50 G,1,1.17,-3.29,-7.61,0,2,76.04
2700,2700,2018-01-02,8,GENERAL,ORZESZKI W SKORUPCE 100G PAPRYKA,6,1.57,-3.29,-7.61,0,2,76.04
2701,2701,2018-01-02,8,GENERAL,PAPRYKARZ KURCZAK DLA JUNIORA 125 G,2,2.13,-3.29,-7.61,0,2,76.04
2702,2702,2018-01-02,8,GENERAL,PLATKI FITNESS 225 G FRUITS,1,4.19,-3.29,-7.61,0,2,76.04
2703,2703,2018-01-02,8,GENERAL,PLATKI FITNESS 30% CUKRU 225 G NESTLE,2,4.19,-3.29,-7.61,0,2,76.04
2704,2704,2018-01-02,8,GENERAL,PLATKI RYZOWE 500 G BLYSKAWICZNE,1,4.75,-3.29,-7.61,0,2,76.04
2705,2705,2018-01-02,8,GENERAL,POWIDLA WEGIERKOWE 290 HERBOPOL,1,3.34,-3.29,-7.61,0,2,76.04
2706,2706,2018-01-02,8,GENERAL,PRZYPRAWA DO DROBIU 20 G,1,2.08,-3.29,-7.61,0,2,76.04
2707,2707,2018-01-02,8,GENERAL,PRZYPRAWA DO ROSOLU,3,2.08,-3.29,-7.61,0,2,76.04
2708,2708,2018-01-02,8,GENERAL,PUDL KETCHUP PIKANTNY 480 G,1,3.28,-3.29,-7.61,0,2,76.04
2709,2709,2018-01-02,8,GENERAL,RUSIECKI KIE?BASA DROBIOWA 280 G SLOIK,1,5.82,-3.29,-7.61,0,2,76.04
2710,2710,2018-01-02,8,GENERAL,SEZAM KRESTO 200 G,3,1.45,-3.29,-7.61,0,2,76.04
2711,2711,2018-01-02,8,GENERAL,SMIETANA 18% 330G GOSPODYNI,4,1.31,-3.29,-7.61,0,2,76.04
2712,2712,2018-01-02,8,GENERAL,SOK ARONIA 750 ML 100%,1,5.67,-3.29,-7.61,0,2,76.04
2713,2713,2018-01-02,8,GENERAL,SOK Z GRANATU 250 ML  100%,1,2.56,-3.29,-7.61,0,2,76.04
2714,2714,2018-01-02,8,GENERAL,SOS WEGIERSKI Z PIECZ.550G DAWTONA,1,2.67,-3.29,-7.61,0,2,76.04
2715,2715,2018-01-02,8,GENERAL,SPOD DO PIZZY 400G,1,4.42,-3.29,-7.61,0,2,76.04
2716,2716,2018-01-02,8,GENERAL,SZNURA HAMBURGER Z SOSEM CZOSN,4,3.2,-3.29,-7.61,0,2,76.04
2717,2717,2018-01-02,8,GENERAL,SZNURA HAMBURGER Z SOSEM MUSZTARDOWYM,3,3.2,-3.29,-7.61,0,2,76.04
2718,2718,2018-01-02,8,GENERAL,SZNURA KANAPKA Z KEBABEM 160 G,2,3.2,-3.29,-7.61,0,2,76.04
2719,2719,2018-01-02,8,GENERAL,SZNURA KANAPKA Z POLEDWICA 148 G,1,3.2,-3.29,-7.61,0,2,76.04
2720,2720,2018-01-02,8,GENERAL,SZNURA KANAPKA Z SEREM 140 G,1,3.2,-3.29,-7.61,0,2,76.04
2721,2721,2018-01-02,8,GENERAL,SZNURA KANAPKA Z SZYNKA 140 G,1,3.2,-3.29,-7.61,0,2,76.04
2722,2722,2018-01-02,8,GENERAL,SZNURA KANAPKA ZE SCHABEM,1,3.2,-3.29,-7.61,0,2,76.04
2723,2723,2018-01-02,8,GENERAL,SZNURA KLUSKI ZIEMNIACZANE Z BOCZKIE 400,3,3.33,-3.29,-7.61,0,2,76.04
2724,2724,2018-01-02,8,GENERAL,SZNURA PIEROGI Z KAPUSTA I GRZUBAMI 400,2,3.33,-3.29,-7.61,0,2,76.04
2725,2725,2018-01-02,8,GENERAL,SZNURA PIEROGI Z SEREM 400 G,4,4.29,-3.29,-7.61,0,2,76.04
2726,2726,2018-01-02,8,GENERAL,SZNURA VITA LUNCH GRECKI 240 G,1,3.29,-3.29,-7.61,0,2,76.04
2727,2727,2018-01-02,8,GENERAL,SZNURA ZAPIEKANKA 270 G,1,3.33,-3.29,-7.61,0,2,76.04
2728,2728,2018-01-02,8,GENERAL,TABLETKI PIEC ZIÓL GARD?O,3,3.6,-3.29,-7.61,0,2,76.04
2729,2729,2018-01-02,8,GENERAL,WIN BUDYN CZEKOL DO CIAST 40 G,25,0.74,-3.29,-7.61,0,2,76.04
2730,2730,2018-01-02,8,GENERAL,WIN BUDYN DO CIAST WANILIOWY 35 G,19,0.74,-3.29,-7.61,0,2,76.04
2731,2731,2018-01-02,8,GENERAL,WIN BULION Z GRZYBAMI LESNYMI 6K,1,2.31,-3.29,-7.61,0,2,76.04
2732,2732,2018-01-02,8,GENERAL,WIN GALARETKA PRZEZROCZYSTA 71 G,4,1.29,-3.29,-7.61,0,2,76.04
2733,2733,2018-01-02,8,GENERAL,WIN MAJONEZ 300 G,13,2.93923076923077,-3.29,-7.61,0,2,76.04
2734,2734,2018-01-02,8,GENERAL,WIN SOS BOROWIKOWY,2,2.29,-3.29,-7.61,0,2,76.04
2735,2735,2018-01-02,8,GENERAL,ZNICZ,1,6.52,-3.29,-7.61,0,2,76.04
2736,2736,2018-01-02,8,GENERAL,ZUPA 9 WARZYW 450 G,5,3.52,-3.29,-7.61,0,2,76.04
4453,4453,2018-01-03,9,GENERAL,BATERIA 44 R3 MAXELL,19,0.78,0.16500000000000006,-4.03,1,2,73.23
4454,4454,2018-01-03,9,GENERAL,BOROWIK SUSZONY 20 G,1,3.35,0.16500000000000006,-4.03,1,2,73.23
4455,4455,2018-01-03,9,GENERAL,CWIKLA Z CHRZANEM 300 G SLON.OGROD,1,1.35,0.16500000000000006,-4.03,1,2,73.23
4456,4456,2018-01-03,9,GENERAL,CZEK ALPEN GOLD 100G ORZECH,1,2.04,0.16500000000000006,-4.03,1,2,73.23
4457,4457,2018-01-03,9,GENERAL,DELECTA  MACZEK 40 G MANGO,0.5,3.02,0.16500000000000006,-4.03,1,2,73.23
4458,4458,2018-01-03,9,GENERAL,DESER MONTE CRUNCHY 125 G,3,1.89,0.16500000000000006,-4.03,1,2,73.23
4459,4459,2018-01-03,9,GENERAL,DR O BUDYN SLODKA CHWILA CZEK+MALINA,2,1.07,0.16500000000000006,-4.03,1,2,73.23
4460,4460,2018-01-03,9,GENERAL,DR O KISIEL SLOD CHWILA CZ_PORZECZKA AGR,7,1.31,0.16500000000000006,-4.03,1,2,73.23
4461,4461,2018-01-03,9,GENERAL,DR O KISIEL SLOD.CHWILA MANGO+ANANAS32 G,2,1.07,0.16500000000000006,-4.03,1,2,73.23
4462,4462,2018-01-03,9,GENERAL,DR O KISIEL SLODKA CHWILA 32 G TRUS,7,1.08571428571429,0.16500000000000006,-4.03,1,2,73.23
4463,4463,2018-01-03,9,GENERAL,FASOLA BIALA 400G SLON.OGROD,11,1.52,0.16500000000000006,-4.03,1,2,73.23
4464,4464,2018-01-03,9,GENERAL,FASOLKA ZÓ?TA 400 G MROZONA,1,3.27,0.16500000000000006,-4.03,1,2,73.23
4465,4465,2018-01-03,9,GENERAL,GOLARKA VENUS 2 SZT,2,2.04,0.16500000000000006,-4.03,1,2,73.23
4466,4466,2018-01-03,9,GENERAL,GROCH PO?ÓWKI400 KROS,5,0.85,0.16500000000000006,-4.03,1,2,73.23
4467,4467,2018-01-03,9,GENERAL,KASZKA MANNA 400 G SARITA,2,0.92,0.16500000000000006,-4.03,1,2,73.23
4468,4468,2018-01-03,9,GENERAL,KLEJ SUPER GLU,15,1.07,0.16500000000000006,-4.03,1,2,73.23
4469,4469,2018-01-03,9,GENERAL,KNORR BARSZCZ BIALY 45 G,3,1.19,0.16500000000000006,-4.03,1,2,73.23
4470,4470,2018-01-03,9,GENERAL,KNORR FIX RURKI Z KURCZAKIEM,2,1.99,0.16500000000000006,-4.03,1,2,73.23
4471,4471,2018-01-03,9,GENERAL,KNORR G K BOROWIKOWA,3,0.93,0.16500000000000006,-4.03,1,2,73.23
4472,4472,2018-01-03,9,GENERAL,KNORR G.K KREM Z KURY Z GRZANKAMI,12,1.31,0.16500000000000006,-4.03,1,2,73.23
4473,4473,2018-01-03,9,GENERAL,KNORR G.K. GULASZOWA Z MAKARONEM,9,1.31,0.16500000000000006,-4.03,1,2,73.23
4474,4474,2018-01-03,9,GENERAL,KNORR NUDLE CEBULOWE Z SEREM,9,1.68,0.16500000000000006,-4.03,1,2,73.23
4475,4475,2018-01-03,9,GENERAL,KNORR NUDLE PIECZONY KURCZAK  61 G,8,0.99,0.16500000000000006,-4.03,1,2,73.23
4476,4476,2018-01-03,9,GENERAL,KRAKUS BARSZCZ CZERW.300 ML KONC,1,2.87,0.16500000000000006,-4.03,1,2,73.23
4477,4477,2018-01-03,9,GENERAL,KRAKUS GULASZ ANGIELSKI  155G,1,2.75,0.16500000000000006,-4.03,1,2,73.23
4478,4478,2018-01-03,9,GENERAL,KROKIETY Z MIESEM  GRZESKOWIAK,2,4.95,0.16500000000000006,-4.03,1,2,73.23
4479,4479,2018-01-03,9,GENERAL,KUBUS MULTIWITAMINA 300 ML,1,1.31,0.16500000000000006,-4.03,1,2,73.23
4480,4480,2018-01-03,9,GENERAL,KUBUS WOTER 0_5 L N/G DZIUB.,1,1.39,0.16500000000000006,-4.03,1,2,73.23
4481,4481,2018-01-03,9,GENERAL,MAKA  Z AMARANTUSA 250,1,4.22,0.16500000000000006,-4.03,1,2,73.23
4482,4482,2018-01-03,9,GENERAL,MAKA JAGLANA 500 G,1,4.96,0.16500000000000006,-4.03,1,2,73.23
4483,4483,2018-01-03,9,GENERAL,MAKA KASZTANOWA 200G,1,8.44,0.16500000000000006,-4.03,1,2,73.23
4484,4484,2018-01-03,9,GENERAL,MAKA Z PESTEK DYNI 250 G,1,5.07,0.16500000000000006,-4.03,1,2,73.23
4485,4485,2018-01-03,9,GENERAL,MARCHEW Z GROSZKIEM+KUKURYDZA  470 G SLO,2,2.02,0.16500000000000006,-4.03,1,2,73.23
4486,4486,2018-01-03,9,GENERAL,MLEKO KOKOSOWE 250 ML CZEKOLADA,1,3.4,0.16500000000000006,-4.03,1,2,73.23
4487,4487,2018-01-03,9,GENERAL,MLEKOLAKI CHOCO 250 G,3,2.91,0.16500000000000006,-4.03,1,2,73.23
4488,4488,2018-01-03,9,GENERAL,MOZZARELLA 125 G MINI,5,3.06,0.16500000000000006,-4.03,1,2,73.23
4489,4489,2018-01-03,9,GENERAL,ORZESZKI W SKORUPCE 100G PAPRYKA,6,1.57,0.16500000000000006,-4.03,1,2,73.23
4490,4490,2018-01-03,9,GENERAL,PASSATA 680 G LOWICZ,1,3.97,0.16500000000000006,-4.03,1,2,73.23
4491,4491,2018-01-03,9,GENERAL,PIZZA KEBAB 420 G,4,6.63,0.16500000000000006,-4.03,1,2,73.23
4492,4492,2018-01-03,9,GENERAL,POPCORN  SOLONY 90 G HELIO,2,1.86,0.16500000000000006,-4.03,1,2,73.23
4493,4493,2018-01-03,9,GENERAL,POWIDLA WEGIERKOWE 290 HERBOPOL,3,3.34,0.16500000000000006,-4.03,1,2,73.23
4494,4494,2018-01-03,9,GENERAL,PRZYPRAWA DO DROBIU 20 G,1,2.08,0.16500000000000006,-4.03,1,2,73.23
4495,4495,2018-01-03,9,GENERAL,PUDL KETCHUP PIKANTNY 480 G,3,3.28,0.16500000000000006,-4.03,1,2,73.23
4496,4496,2018-01-03,9,GENERAL,PUDL KONCEN.POMIDOROWY 310 G,6,3.73,0.16500000000000006,-4.03,1,2,73.23
4497,4497,2018-01-03,9,GENERAL,SA?ATKA WARZYWNA 500G GRZESKOWIAK,1,4.65,0.16500000000000006,-4.03,1,2,73.23
4498,4498,2018-01-03,9,GENERAL,SEKACZ ADVOKAT 32 G,13,0.75,0.16500000000000006,-4.03,1,2,73.23
4499,4499,2018-01-03,9,GENERAL,SMIETANA 18% 330G GOSPODYNI,2,1.31,0.16500000000000006,-4.03,1,2,73.23
4500,4500,2018-01-03,9,GENERAL,SOK Z GRANATU 250 ML  100%,1,2.56,0.16500000000000006,-4.03,1,2,73.23
4501,4501,2018-01-03,9,GENERAL,SOL HIMALAJSKA ROZOWA 500 G,1,2.45,0.16500000000000006,-4.03,1,2,73.23
4502,4502,2018-01-03,9,GENERAL,SOS SOJOWY 150 ML KIKOMAN,1,8.83,0.16500000000000006,-4.03,1,2,73.23
4503,4503,2018-01-03,9,GENERAL,SZPARAGI 330 G KIER,1,6.14,0.16500000000000006,-4.03,1,2,73.23
4504,4504,2018-01-03,9,GENERAL,WAFLE SUNNY GRAHAM 60 G,1,1.83,0.16500000000000006,-4.03,1,2,73.23
4505,4505,2018-01-03,9,GENERAL,WEDEL CZEKOLADA 100G CREME BRULLE,1,2.35,0.16500000000000006,-4.03,1,2,73.23
4506,4506,2018-01-03,9,GENERAL,WIN BUDYN CZEKOL DO CIAST 40 G,2,0.74,0.16500000000000006,-4.03,1,2,73.23
4507,4507,2018-01-03,9,GENERAL,WIN BUDYN SMIETANA DO CIAST,9,0.85,0.16500000000000006,-4.03,1,2,73.23
4508,4508,2018-01-03,9,GENERAL,WIN GALARETKA PRZEZROCZYSTA 71 G,5,1.46,0.16500000000000006,-4.03,1,2,73.23
4509,4509,2018-01-03,9,GENERAL,WIN KISIEL MALINA Z IMBIREM 36 G,1,0.98,0.16500000000000006,-4.03,1,2,73.23
4510,4510,2018-01-03,9,GENERAL,WIN MAJONEZ 300 G,9,3.75,0.16500000000000006,-4.03,1,2,73.23
4511,4511,2018-01-03,9,GENERAL,WIN SOS BOROWIKOWY,2,2.29,0.16500000000000006,-4.03,1,2,73.23
4512,4512,2018-01-03,9,GENERAL,WORKI NA SMIECI 35L*26SZT,2,2.15,0.16500000000000006,-4.03,1,2,73.23
4513,4513,2018-01-03,9,GENERAL,ZUREK BUTELKA 0_5 L,4,1.31,0.16500000000000006,-4.03,1,2,73.23
4514,4514,2018-01-03,9,GENERAL,ZUREK KRAKUS 1 L,4,3.37,0.16500000000000006,-4.03,1,2,73.23
6405,6405,2018-01-04,10,GENERAL,BATERIA 44 R3 MAXELL,31,0.78,12.08,10.37,1,1,72.47
6406,6406,2018-01-04,10,GENERAL,BOROWIK SUSZONY 20 G,1,3.35,12.08,10.37,1,1,72.47
6407,6407,2018-01-04,10,GENERAL,BRYKIET 2 KG,3,4.69,12.08,10.37,1,1,72.47
6408,6408,2018-01-04,10,GENERAL,CIASTKA KRAKUSKI DESEROWE Z CUKREM 200G,6,2.4,12.08,10.37,1,1,72.47
6409,6409,2018-01-04,10,GENERAL,CZARNUSZKA 50 G,1,2.17,12.08,10.37,1,1,72.47
6410,6410,2018-01-04,10,GENERAL,DELECTA AROMAT ARAKOWY,4,1.0,12.08,10.37,1,1,72.47
6411,6411,2018-01-04,10,GENERAL,DR O BUDYN SLODKA CHWILA CZEK+MALINA,5,1.07,12.08,10.37,1,1,72.47
6412,6412,2018-01-04,10,GENERAL,DR O KISIEL SLOD CHWILA CZ_PORZECZKA AGR,1,1.31,12.08,10.37,1,1,72.47
6413,6413,2018-01-04,10,GENERAL,DR O KISIEL SLOD.CHWILA MANGO+ANANAS32 G,3,1.07,12.08,10.37,1,1,72.47
6414,6414,2018-01-04,10,GENERAL,DR O KISIEL SLODKA CHWILA 32 G TRUS,2,1.07,12.08,10.37,1,1,72.47
6415,6415,2018-01-04,10,GENERAL,FASOLA BIALA 400G SLON.OGROD,6,1.52,12.08,10.37,1,1,72.47
6416,6416,2018-01-04,10,GENERAL,FASOLKA ZÓ?TA 400 G MROZONA,1,3.27,12.08,10.37,1,1,72.47
6417,6417,2018-01-04,10,GENERAL,FRYTKI 750 G SUPER,1,7.16,12.08,10.37,1,1,72.47
6418,6418,2018-01-04,10,GENERAL,GOLARKA VENUS 2 SZT,1,2.04,12.08,10.37,1,1,72.47
6419,6419,2018-01-04,10,GENERAL,GROCH PO?ÓWKI400 KROS,4,0.85,12.08,10.37,1,1,72.47
6420,6420,2018-01-04,10,GENERAL,KASZKA MANNA 400 G SARITA,2,0.93,12.08,10.37,1,1,72.47
6421,6421,2018-01-04,10,GENERAL,KLEJ SUPER GLU,7,1.07,12.08,10.37,1,1,72.47
6422,6422,2018-01-04,10,GENERAL,KNORR NUDLE CEBULOWE Z SEREM,2,1.68,12.08,10.37,1,1,72.47
6423,6423,2018-01-04,10,GENERAL,KRAKUS GULASZ ANGIELSKI  155G,1,2.75,12.08,10.37,1,1,72.47
6424,6424,2018-01-04,10,GENERAL,KRATKA DO WYSMAZENIA 200G,1,2.15,12.08,10.37,1,1,72.47
6425,6425,2018-01-04,10,GENERAL,KROKIETY Z MIESEM  GRZESKOWIAK,2,4.95,12.08,10.37,1,1,72.47
6426,6426,2018-01-04,10,GENERAL,KROKIWTY Z KAP.I GRZYBAMI 400G,1,4.17,12.08,10.37,1,1,72.47
6427,6427,2018-01-04,10,GENERAL,KUBUS MULTIWITAMINA 300 ML,12,1.31,12.08,10.37,1,1,72.47
6428,6428,2018-01-04,10,GENERAL,LOWICZ DZEM CZEKO TRUSKAWKLA 250 G,1,5.29,12.08,10.37,1,1,72.47
6429,6429,2018-01-04,10,GENERAL,LOWICZ DZEM CZEKO WISNIA 250 G,1,5.29,12.08,10.37,1,1,72.47
6430,6430,2018-01-04,10,GENERAL,MAKA KUKURYDZIANA 500G,1,2.45,12.08,10.37,1,1,72.47
6431,6431,2018-01-04,10,GENERAL,MARCHEW Z GROSZKIEM+KUKURYDZA  470 G SLO,1,2.02,12.08,10.37,1,1,72.47
6432,6432,2018-01-04,10,GENERAL,MLEKO KOKOSOWE 250 ML,9,3.17,12.08,10.37,1,1,72.47
6433,6433,2018-01-04,10,GENERAL,MLEKO KOKOSOWE 250 ML BANAN,3,3.4,12.08,10.37,1,1,72.47
6434,6434,2018-01-04,10,GENERAL,MLEKO KOKOSOWE 250 ML CZEKOLADA,5,3.4,12.08,10.37,1,1,72.47
6435,6435,2018-01-04,10,GENERAL,MLEKO KOKOSOWE 250 ML TRUSKAWKA,3,3.4,12.08,10.37,1,1,72.47
6436,6436,2018-01-04,10,GENERAL,MLEKOLAKI CHOCO 250 G,1,2.91,12.08,10.37,1,1,72.47
6437,6437,2018-01-04,10,GENERAL,MOZZARELLA 125 G MINI,1,3.06,12.08,10.37,1,1,72.47
6438,6438,2018-01-04,10,GENERAL,NAP TYMBARK 0_3 ML JAB?KO,12,1.5,12.08,10.37,1,1,72.47
6439,6439,2018-01-04,10,GENERAL,PIZZA KEBAB 420 G,1,6.63,12.08,10.37,1,1,72.47
6440,6440,2018-01-04,10,GENERAL,POPCORN  SOLONY 90 G HELIO,4,1.86,12.08,10.37,1,1,72.47
6441,6441,2018-01-04,10,GENERAL,PUDL KLOPSIKI W SOS GRZYB.600G,3,4.66,12.08,10.37,1,1,72.47
6442,6442,2018-01-04,10,GENERAL,PUDL KONCEN.POMIDOROWY 310 G,3,3.37,12.08,10.37,1,1,72.47
6443,6443,2018-01-04,10,GENERAL,PUDL MIESZANKA WARZYWNA PO MEKSYKAN.450,1,4.07,12.08,10.37,1,1,72.47
6444,6444,2018-01-04,10,GENERAL,SEKACZ ADVOKAT 32 G,24,0.75,12.08,10.37,1,1,72.47
6445,6445,2018-01-04,10,GENERAL,SEZAM KRESTO 200 G,1,1.45,12.08,10.37,1,1,72.47
6446,6446,2018-01-04,10,GENERAL,SMAK MAK GALARETKA Z KURCZAKA 200G,1,3.15,12.08,10.37,1,1,72.47
6447,6447,2018-01-04,10,GENERAL,SMAK MAK GALAT WIEPRZOWY 200G,1,3.15,12.08,10.37,1,1,72.47
6448,6448,2018-01-04,10,GENERAL,SMAK MAK JAJKO Z SZYNKA W GALARECIE 200G,1,3.5,12.08,10.37,1,1,72.47
6449,6449,2018-01-04,10,GENERAL,SMAK MAK MEDALIONY Z SEREM 315 G,1,5.52,12.08,10.37,1,1,72.47
6450,6450,2018-01-04,10,GENERAL,SMAK MAK NUGGETS  300G,1,5.52,12.08,10.37,1,1,72.47
6451,6451,2018-01-04,10,GENERAL,SMAK MAK PIEROGI Z KAP.I GRZYBAMI 400G,1,4.45,12.08,10.37,1,1,72.47
6452,6452,2018-01-04,10,GENERAL,SMAK MAK PIEROGI Z MIESEM 400 G,2,4.45,12.08,10.37,1,1,72.47
6453,6453,2018-01-04,10,GENERAL,SMAK MAK PIEROGI Z SEREM 400G,1,4.45,12.08,10.37,1,1,72.47
6454,6454,2018-01-04,10,GENERAL,SMAK MAK SURÓWKA KOPERKOWA 300G,1,2.29,12.08,10.37,1,1,72.47
6455,6455,2018-01-04,10,GENERAL,SMAK MAK SURÓWKA RARYTAS 300G,1,2.29,12.08,10.37,1,1,72.47
6456,6456,2018-01-04,10,GENERAL,SMAK MAK SURÓWKA WIOSENNA 300 G,1,2.29,12.08,10.37,1,1,72.47
6457,6457,2018-01-04,10,GENERAL,SOK Z BURAKA 750 ML,3,3.84,12.08,10.37,1,1,72.47
6458,6458,2018-01-04,10,GENERAL,SOK Z KAPUSTY KISZONEJ 1 L,1,2.61,12.08,10.37,1,1,72.47
6459,6459,2018-01-04,10,GENERAL,SOS WEGIERSKI Z PIECZ.550G DAWTONA,1,2.67,12.08,10.37,1,1,72.47
6460,6460,2018-01-04,10,GENERAL,TABLETKI PIEC ZIÓL GARD?O,1,3.6,12.08,10.37,1,1,72.47
6461,6461,2018-01-04,10,GENERAL,WAFLE RYZOWE W CZEK.MLECZNEJ SONKO65 G,4,2.09,12.08,10.37,1,1,72.47
6462,6462,2018-01-04,10,GENERAL,WAFLE RYZOWE W CZEKOLADZIE 65 G SONKO,3,2.06,12.08,10.37,1,1,72.47
6463,6463,2018-01-04,10,GENERAL,WAFLE SUNNY GRAHAM 60 G,3,1.83,12.08,10.37,1,1,72.47
6464,6464,2018-01-04,10,GENERAL,WEGIEL DO GRILA 2 KG,2,4.69,12.08,10.37,1,1,72.47
6465,6465,2018-01-04,10,GENERAL,WIN BUDYN CZEKOLADOWY B/CUKRU 38 G,4,0.72,12.08,10.37,1,1,72.47
6466,6466,2018-01-04,10,GENERAL,WIN BUDYN SMIETANA DO CIAST,2,0.85,12.08,10.37,1,1,72.47
6467,6467,2018-01-04,10,GENERAL,WIN GALARETKA PRZEZROCZYSTA 71 G,4,1.46,12.08,10.37,1,1,72.47
6468,6468,2018-01-04,10,GENERAL,WIN MAJONEZ 300 G,7,3.75,12.08,10.37,1,1,72.47
6469,6469,2018-01-04,10,GENERAL,WIN SOS BOROWIKOWY,2,2.29,12.08,10.37,1,1,72.47
6470,6470,2018-01-04,10,GENERAL,WORKI NA SMIECI 60L*18 SZT,2,2.74,12.08,10.37,1,1,72.47
6471,6471,2018-01-04,10,GENERAL,ZUREK BUTELKA 0_5 L,2,1.31,12.08,10.37,1,1,72.47
8355,8355,2018-01-05,11,GENERAL,BANDAZ 5 CM *4 M,4,0.31,15.965,15.42,2,0,73.23
8356,8356,2018-01-05,11,GENERAL,BATERIA 44 R3 MAXELL,2,0.78,15.965,15.42,2,0,73.23
8357,8357,2018-01-05,11,GENERAL,BOROWIK SUSZONY 20 G,1,3.35,15.965,15.42,2,0,73.23
8358,8358,2018-01-05,11,GENERAL,BRYKIET 2 KG,1,4.69,15.965,15.42,2,0,73.23
8359,8359,2018-01-05,11,GENERAL,CEBULKA MARYNOWANA 305 G OLE,1,3.25,15.965,15.42,2,0,73.23
8360,8360,2018-01-05,11,GENERAL,CHRUPKI KUKURYDZIANE 200G,4,1.59,15.965,15.42,2,0,73.23
8361,8361,2018-01-05,11,GENERAL,CIASTKA KRAKUSKI DESEROWE Z CUKREM 200G,1,2.4,15.965,15.42,2,0,73.23
8362,8362,2018-01-05,11,GENERAL,CZARNUSZKA 50 G,1,2.17,15.965,15.42,2,0,73.23
8363,8363,2018-01-05,11,GENERAL,CZEK ALPEN GOLD 100 G MLECZNA,5,2.04,15.965,15.42,2,0,73.23
8364,8364,2018-01-05,11,GENERAL,CZEK.ALPEN GOLD 90G TRUS.,5,2.13,15.965,15.42,2,0,73.23
8365,8365,2018-01-05,11,GENERAL,DR O BUDYN SLODKA CHWILA CZEK+WISNIA,5,1.07,15.965,15.42,2,0,73.23
8366,8366,2018-01-05,11,GENERAL,DR O KISIEL SLOD CHWILA CZ_PORZECZKA AGR,2,1.31,15.965,15.42,2,0,73.23
8367,8367,2018-01-05,11,GENERAL,DR O KISIEL SLOD.CHWILA MANGO+ANANAS32 G,6,1.07,15.965,15.42,2,0,73.23
8368,8368,2018-01-05,11,GENERAL,DR O KISIEL SLODKA CHWILA 32 G TRUS,1,1.07,15.965,15.42,2,0,73.23
8369,8369,2018-01-05,11,GENERAL,FASOLA BIALA 400G SLON.OGROD,8,1.52,15.965,15.42,2,0,73.23
8370,8370,2018-01-05,11,GENERAL,FASOLA PIEKNY JAS 400 SARITA,1,2.37,15.965,15.42,2,0,73.23
8371,8371,2018-01-05,11,GENERAL,FRYTKI 750 G SUPER,1,7.16,15.965,15.42,2,0,73.23
8372,8372,2018-01-05,11,GENERAL,GOLARKA VENUS 2 SZT,1,2.04,15.965,15.42,2,0,73.23
8373,8373,2018-01-05,11,GENERAL,GROCH PO?ÓWKI400 KROS,5,0.85,15.965,15.42,2,0,73.23
8374,8374,2018-01-05,11,GENERAL,JAB?KO PRAZONE 900G,2,5.31,15.965,15.42,2,0,73.23
8375,8375,2018-01-05,11,GENERAL,KASZKA MANNA 400 G SARITA,3,0.93,15.965,15.42,2,0,73.23
8376,8376,2018-01-05,11,GENERAL,KLEJ SUPER GLU,17,1.07,15.965,15.42,2,0,73.23
8377,8377,2018-01-05,11,GENERAL,KNORR BARSZCZ BIALY 45 G,1,1.19,15.965,15.42,2,0,73.23
8378,8378,2018-01-05,11,GENERAL,KNORR G K BOROWIKOWA,1,0.93,15.965,15.42,2,0,73.23
8379,8379,2018-01-05,11,GENERAL,KNORR NUDLE CEBULOWE Z SEREM,9,1.68,15.965,15.42,2,0,73.23
8380,8380,2018-01-05,11,GENERAL,KNORR NUDLE POMIDOROWA LAGODNA,12,1.26,15.965,15.42,2,0,73.23
8381,8381,2018-01-05,11,GENERAL,KONSERWA TURYSTYCZNA 300G EVRO,1,1.49,15.965,15.42,2,0,73.23
8382,8382,2018-01-05,11,GENERAL,KRAKUS BARSZCZ CZERW.300 ML KONC,3,2.87,15.965,15.42,2,0,73.23
8383,8383,2018-01-05,11,GENERAL,KRAKUS GULASZ ANGIELSKI  155G,2,2.75,15.965,15.42,2,0,73.23
8384,8384,2018-01-05,11,GENERAL,KRATKA DO WYSMAZENIA 200G,4,2.15,15.965,15.42,2,0,73.23
8385,8385,2018-01-05,11,GENERAL,KROKIETY Z MIESEM  GRZESKOWIAK,3,4.95,15.965,15.42,2,0,73.23
8386,8386,2018-01-05,11,GENERAL,KROKIWTY Z KAP.I GRZYBAMI 400G,1,4.17,15.965,15.42,2,0,73.23
8387,8387,2018-01-05,11,GENERAL,KUBUS MULTIWITAMINA 300 ML,1,1.31,15.965,15.42,2,0,73.23
8388,8388,2018-01-05,11,GENERAL,LOWICZ DZEM CZEKO BRZOSKWINIA 250 G,1,5.29,15.965,15.42,2,0,73.23
8389,8389,2018-01-05,11,GENERAL,LOWICZ DZEM CZEKO TRUSKAWKLA 250 G,1,5.29,15.965,15.42,2,0,73.23
8390,8390,2018-01-05,11,GENERAL,LOWICZ DZEM CZEKO WISNIA 250 G,1,5.29,15.965,15.42,2,0,73.23
8391,8391,2018-01-05,11,GENERAL,MAK SULMA PAPPARDELE 320 G,1,2.39,15.965,15.42,2,0,73.23
8392,8392,2018-01-05,11,GENERAL,MAKA KUKURYDZIANA 500G,1,2.45,15.965,15.42,2,0,73.23
8393,8393,2018-01-05,11,GENERAL,MARCHEW Z GROSZKIEM+KUKURYDZA  470 G SLO,2,2.02,15.965,15.42,2,0,73.23
8394,8394,2018-01-05,11,GENERAL,MLEKO KOKOSOWE 250 ML,3,3.17,15.965,15.42,2,0,73.23
8395,8395,2018-01-05,11,GENERAL,MLEKO KOKOSOWE 250 ML BANAN,2,3.4,15.965,15.42,2,0,73.23
8396,8396,2018-01-05,11,GENERAL,MLEKO KOKOSOWE 250 ML CZEKOLADA,1,3.4,15.965,15.42,2,0,73.23
8397,8397,2018-01-05,11,GENERAL,MLEKOLAKI CHOCO 250 G,1,2.91,15.965,15.42,2,0,73.23
8398,8398,2018-01-05,11,GENERAL,NAP TYMBARK 0_3 ML JAB?KO,2,1.5,15.965,15.42,2,0,73.23
8399,8399,2018-01-05,11,GENERAL,POWIDLA WEGIERKOWE 290 HERBOPOL,2,3.34,15.965,15.42,2,0,73.23
8400,8400,2018-01-05,11,GENERAL,PUDL KETCHUP PIKANTNY 480 G,5,3.28,15.965,15.42,2,0,73.23
8401,8401,2018-01-05,11,GENERAL,PUDL KLOPSIKI W SOS GRZYB.600G,1,4.66,15.965,15.42,2,0,73.23
8402,8402,2018-01-05,11,GENERAL,PUDL KONCEN.POMIDOROWY 310 G,2,3.37,15.965,15.42,2,0,73.23
8403,8403,2018-01-05,11,GENERAL,RUSIECKI KIE?BASA DROBIOWA 280 G SLOIK,1,5.82,15.965,15.42,2,0,73.23
8404,8404,2018-01-05,11,GENERAL,SEKACZ ADVOKAT 32 G,37,0.75,15.965,15.42,2,0,73.23
8405,8405,2018-01-05,11,GENERAL,SEZAM KRESTO 200 G,1,1.45,15.965,15.42,2,0,73.23
8406,8406,2018-01-05,11,GENERAL,SMAK MAK FLAKI W ROSOLE 800 G,1,7.2,15.965,15.42,2,0,73.23
8407,8407,2018-01-05,11,GENERAL,SMAK MAK GALARETKA Z KURCZAKA 200G,2,3.15,15.965,15.42,2,0,73.23
8408,8408,2018-01-05,11,GENERAL,SMAK MAK GALAT WIEPRZOWY 200G,1,3.15,15.965,15.42,2,0,73.23
8409,8409,2018-01-05,11,GENERAL,SMAK MAK JAJKO Z SZYNKA W GALARECIE 200G,2,3.5,15.965,15.42,2,0,73.23
8410,8410,2018-01-05,11,GENERAL,SMAK MAK MARCHEWKA Z GROSZKIEM 500G,1,2.45,15.965,15.42,2,0,73.23
8411,8411,2018-01-05,11,GENERAL,SMAK MAK NUGGETS  300G,2,5.52,15.965,15.42,2,0,73.23
8412,8412,2018-01-05,11,GENERAL,SMAK MAK PIEROGI Z SEREM 400G,1,4.45,15.965,15.42,2,0,73.23
8413,8413,2018-01-05,11,GENERAL,SMAK MAK SMALEC Z MIESEM 200G,4,2.55,15.965,15.42,2,0,73.23
8414,8414,2018-01-05,11,GENERAL,SMAK MAK SMALEC ZE SKWARKAMI 200G,1,2.55,15.965,15.42,2,0,73.23
8415,8415,2018-01-05,11,GENERAL,SMAK MAK SUROWKA Z KUKURYDZA 300G,1,2.29,15.965,15.42,2,0,73.23
8416,8416,2018-01-05,11,GENERAL,SMAK MAK SURÓWKA KOPERKOWA 300G,1,2.29,15.965,15.42,2,0,73.23
8417,8417,2018-01-05,11,GENERAL,SMAK MAK SURÓWKA POROWA 300G,1,2.29,15.965,15.42,2,0,73.23
8418,8418,2018-01-05,11,GENERAL,SMAK MAK SURÓWKA RARYTAS 300G,1,2.29,15.965,15.42,2,0,73.23
8419,8419,2018-01-05,11,GENERAL,SMAK MAK SURÓWKA WIOSENNA 300 G,1,2.29,15.965,15.42,2,0,73.23
8420,8420,2018-01-05,11,GENERAL,SMAK MAK ZAPIEKANKA Z PIECZARKAMI 250 G,3,3.42,15.965,15.42,2,0,73.23
8421,8421,2018-01-05,11,GENERAL,SOK Z GRANATU 1 L 100%,1,7.41,15.965,15.42,2,0,73.23
8422,8422,2018-01-05,11,GENERAL,SOK Z GRANATU 250 ML  100%,1,2.56,15.965,15.42,2,0,73.23
8423,8423,2018-01-05,11,GENERAL,SOK Z WISNI 750 ML,1,5.67,15.965,15.42,2,0,73.23
8424,8424,2018-01-05,11,GENERAL,SOK Z ZURAWINY 750 ML,1,5.67,15.965,15.42,2,0,73.23
8425,8425,2018-01-05,11,GENERAL,SOL HIMALAJSKA ROZOWA 500 G,1,2.45,15.965,15.42,2,0,73.23
8426,8426,2018-01-05,11,GENERAL,SOS WEGIERSKI Z PIECZ.550G DAWTONA,1,2.67,15.965,15.42,2,0,73.23
8427,8427,2018-01-05,11,GENERAL,TABLETKI PIEC ZIÓL GARD?O,2,3.6,15.965,15.42,2,0,73.23
8428,8428,2018-01-05,11,GENERAL,VITAFIZZ WIT C,1,3.05,15.965,15.42,2,0,73.23
8429,8429,2018-01-05,11,GENERAL,WAFLE RYZOWE W CZEK.MLECZNEJ SONKO65 G,2,2.09,15.965,15.42,2,0,73.23
8430,8430,2018-01-05,11,GENERAL,WAFLE SUNNY GRAHAM 60 G,4,2.28,15.965,15.42,2,0,73.23
8431,8431,2018-01-05,11,GENERAL,WEDEL CZEKOLADA 100G CREME BRULLE,2,2.35,15.965,15.42,2,0,73.23
8432,8432,2018-01-05,11,GENERAL,WEGIEL DO GRILA 2 KG,2,4.69,15.965,15.42,2,0,73.23
8433,8433,2018-01-05,11,GENERAL,WIN BUDYN SMIETANA DO CIAST,3,0.85,15.965,15.42,2,0,73.23
8434,8434,2018-01-05,11,GENERAL,WIN GALARETKA PRZEZROCZYSTA 71 G,1,1.46,15.965,15.42,2,0,73.23
8435,8435,2018-01-05,11,GENERAL,WIN KISIEL MALINA Z IMBIREM 36 G,2,0.98,15.965,15.42,2,0,73.23
8436,8436,2018-01-05,11,GENERAL,WIN MAJONEZ 300 G,6,3.09,15.965,15.42,2,0,73.23
8437,8437,2018-01-05,11,GENERAL,WORKI NA SMIECI 35L*26SZT,6,2.15,15.965,15.42,2,0,73.23
8438,8438,2018-01-05,11,GENERAL,ZAPIEKANKA Z KEBABEM 240 G,1,2.8,15.965,15.42,2,0,73.23
10369,10369,2018-01-06,9,GENERAL,AMINO BLYSK .POMIDOROWA Z PIETRUSZKA,10,1.02,17.065,17.1,2,1,72.3
10370,10370,2018-01-06,9,GENERAL,APPETITA KOLENDRA 15 G,1,0.99,17.065,17.1,2,1,72.3
10371,10371,2018-01-06,9,GENERAL,BATERIA R3 WARTA ALKAICZNA,11,0.78,17.065,17.1,2,1,72.3
10372,10372,2018-01-06,9,GENERAL,BERLISO 180 G +20 G CZEKOL,4,1.68,17.065,17.1,2,1,72.3
10373,10373,2018-01-06,9,GENERAL,BRYKIET 2 KG,1,4.69,17.065,17.1,2,1,72.3
10374,10374,2018-01-06,9,GENERAL,CATERING SANDWICH 180 G,1,3.0,17.065,17.1,2,1,72.3
10375,10375,2018-01-06,9,GENERAL,CATERING SANDWISCH 180 G,4,3.0,17.065,17.1,2,1,72.3
10376,10376,2018-01-06,9,GENERAL,CHRUPKI KUKURYDZIANE 200G,1,1.59,17.065,17.1,2,1,72.3
10377,10377,2018-01-06,9,GENERAL,CIASTKA KRAKUSKI DESEROWE Z CUKREM 200G,9,2.4,17.065,17.1,2,1,72.3
10378,10378,2018-01-06,9,GENERAL,CZARNUSZKA 50 G,1,2.17,17.065,17.1,2,1,72.3
10379,10379,2018-01-06,9,GENERAL,CZEK.ALPEN GOLD 90G TRUS.,3,1.86,17.065,17.1,2,1,72.3
10380,10380,2018-01-06,9,GENERAL,DR O KISIEL SLOD CHWILA CZ_PORZECZKA AGR,7,1.31,17.065,17.1,2,1,72.3
10381,10381,2018-01-06,9,GENERAL,DR O KISIEL SLOD.CHWILA MANGO+ANANAS32 G,6,1.07,17.065,17.1,2,1,72.3
10382,10382,2018-01-06,9,GENERAL,FASOLA BIALA 400G SLON.OGROD,4,1.52,17.065,17.1,2,1,72.3
10383,10383,2018-01-06,9,GENERAL,FASOLA PIEKNY JAS 400 SARITA,1,2.37,17.065,17.1,2,1,72.3
10384,10384,2018-01-06,9,GENERAL,FASOLKA ZÓ?TA 400 G MROZONA,2,3.27,17.065,17.1,2,1,72.3
10385,10385,2018-01-06,9,GENERAL,FRYTKI 750 G SUPER,5,7.16,17.065,17.1,2,1,72.3
10386,10386,2018-01-06,9,GENERAL,GROCH PO?ÓWKI400 KROS,2,0.85,17.065,17.1,2,1,72.3
10387,10387,2018-01-06,9,GENERAL,JAB?KO PRAZONE 900G,1,5.31,17.065,17.1,2,1,72.3
10388,10388,2018-01-06,9,GENERAL,KASZKA MANNA 400 G SARITA,3,0.93,17.065,17.1,2,1,72.3
10389,10389,2018-01-06,9,GENERAL,KLEJ SUPER GLU,1,1.07,17.065,17.1,2,1,72.3
10390,10390,2018-01-06,9,GENERAL,KNORR FIX RURKI Z KURCZAKIEM,3,2.09,17.065,17.1,2,1,72.3
10391,10391,2018-01-06,9,GENERAL,KNORR G K BOROWIKOWA,3,0.93,17.065,17.1,2,1,72.3
10392,10392,2018-01-06,9,GENERAL,KNORR NUDLE CEBULOWE Z SEREM,2,1.68,17.065,17.1,2,1,72.3
10393,10393,2018-01-06,9,GENERAL,KNORR NUDLE POMIDOROWA LAGODNA,10,1.26,17.065,17.1,2,1,72.3
10394,10394,2018-01-06,9,GENERAL,KONSERWA TURYSTYCZNA 300G EVRO,3,1.49,17.065,17.1,2,1,72.3
10395,10395,2018-01-06,9,GENERAL,KONSERWA TYROLSKA 300G EVRA,1,1.49,17.065,17.1,2,1,72.3
10396,10396,2018-01-06,9,GENERAL,KRAKERST 110 G CEBULOWE POL.MLYN,3,1.36,17.065,17.1,2,1,72.3
10397,10397,2018-01-06,9,GENERAL,KRAKERST 110 G SOLONE POL.MLYNY,5,1.36,17.065,17.1,2,1,72.3
10398,10398,2018-01-06,9,GENERAL,KRAKUS GULASZ ANGIELSKI  155G,4,2.75,17.065,17.1,2,1,72.3
10399,10399,2018-01-06,9,GENERAL,KRATKA DO WYSMAZENIA 200G,1,2.15,17.065,17.1,2,1,72.3
10400,10400,2018-01-06,9,GENERAL,KROKIETY Z MIESEM  GRZESKOWIAK,4,4.95,17.065,17.1,2,1,72.3
10401,10401,2018-01-06,9,GENERAL,KROKIWTY Z KAP.I GRZYBAMI 400G,2,4.17,17.065,17.1,2,1,72.3
10402,10402,2018-01-06,9,GENERAL,KUBUS MULTIWITAMINA 300 ML,9,1.31,17.065,17.1,2,1,72.3
10403,10403,2018-01-06,9,GENERAL,LIZAK LOLLIPOP,8,0.84,17.065,17.1,2,1,72.3
10404,10404,2018-01-06,9,GENERAL,LOWICZ DZEM CZEKO WISNIA 250 G,1,5.16,17.065,17.1,2,1,72.3
10405,10405,2018-01-06,9,GENERAL,MAK SULMA PAPPARDELE 320 G,1,2.39,17.065,17.1,2,1,72.3
10406,10406,2018-01-06,9,GENERAL,MAKA KOKOSOWA 1 KG,1,8.15,17.065,17.1,2,1,72.3
10407,10407,2018-01-06,9,GENERAL,MANGO W SYROPIE 425 NETTO,1,2.91,17.065,17.1,2,1,72.3
10408,10408,2018-01-06,9,GENERAL,MARCHEW Z GROSZKIEM+KUKURYDZA  470 G SLO,1,2.02,17.065,17.1,2,1,72.3
10409,10409,2018-01-06,9,GENERAL,MARYNATA 160 G KLASYCZNA,1,2.53,17.065,17.1,2,1,72.3
10410,10410,2018-01-06,9,GENERAL,MIESZANKA STUDENCKA 40 G POL.MLYNY,5,1.32,17.065,17.1,2,1,72.3
10411,10411,2018-01-06,9,GENERAL,MLEKO KOKOSOWE 250 ML,2,3.17,17.065,17.1,2,1,72.3
10412,10412,2018-01-06,9,GENERAL,MLEKO KOKOSOWE 250 ML BANAN,4,3.4,17.065,17.1,2,1,72.3
10413,10413,2018-01-06,9,GENERAL,MLEKO KOKOSOWE 250 ML CZEKOLADA,3,3.4,17.065,17.1,2,1,72.3
10414,10414,2018-01-06,9,GENERAL,MLEKO KOKOSOWE 250 ML TRUSKAWKA,1,3.4,17.065,17.1,2,1,72.3
10415,10415,2018-01-06,9,GENERAL,NAP CAFFE CAPPUCCINO 250 ML,5,1.59,17.065,17.1,2,1,72.3
10416,10416,2018-01-06,9,GENERAL,NAP IZOTONI MOVE LEMON 750 ML,2,1.21,17.065,17.1,2,1,72.3
10417,10417,2018-01-06,9,GENERAL,ORZESZKI ZIEMNE W KARMELU 40 G,6,0.87,17.065,17.1,2,1,72.3
10418,10418,2018-01-06,9,GENERAL,PALUSZKI SOLONE 125 G POLSKIE MLYN,2,1.36,17.065,17.1,2,1,72.3
10419,10419,2018-01-06,9,GENERAL,PECZAK KUJAWSKI 900 G,1,2.2,17.065,17.1,2,1,72.3
10420,10420,2018-01-06,9,GENERAL,PERSIL 1_4 KG COLOR,1,12.59,17.065,17.1,2,1,72.3
10421,10421,2018-01-06,9,GENERAL,PRETZEL 100 G CHIPS,4,1.78,17.065,17.1,2,1,72.3
10422,10422,2018-01-06,9,GENERAL,PRZYPRAWA POMID+CZOSNKOWA Z CZARNU 50 G,1,3.38,17.065,17.1,2,1,72.3
10423,10423,2018-01-06,9,GENERAL,PUDL KETCHUP ?AGODNY 410 G,5,4.22,17.065,17.1,2,1,72.3
10424,10424,2018-01-06,9,GENERAL,PUDL KETCHUP PIKANTNY 480 G,2,3.28,17.065,17.1,2,1,72.3
10425,10425,2018-01-06,9,GENERAL,PUDL KONCEN.POMIDOROWY 310 G,1,3.37,17.065,17.1,2,1,72.3
10426,10426,2018-01-06,9,GENERAL,RUSIECKI KIE?BASA DROBIOWA 280 G SLOIK,1,5.82,17.065,17.1,2,1,72.3
10427,10427,2018-01-06,9,GENERAL,SMAK MAK FLAKI KROLEWSKIE 800G,1,7.4,17.065,17.1,2,1,72.3
10428,10428,2018-01-06,9,GENERAL,SMAK MAK FLAKI W ROSOLE 800 G,1,7.2,17.065,17.1,2,1,72.3
10429,10429,2018-01-06,9,GENERAL,SMAK MAK FLAKI WOLOWE 900G,1,7.7,17.065,17.1,2,1,72.3
10430,10430,2018-01-06,9,GENERAL,SMAK MAK GALARETKA Z KURCZAKA 200G,3,3.15,17.065,17.1,2,1,72.3
10431,10431,2018-01-06,9,GENERAL,SMAK MAK GALAT WIEPRZOWY 200G,1,3.15,17.065,17.1,2,1,72.3
10432,10432,2018-01-06,9,GENERAL,SMAK MAK INDYK W GALARECIE 200G,1,3.5,17.065,17.1,2,1,72.3
10433,10433,2018-01-06,9,GENERAL,SMAK MAK MEDALIONY Z SEREM 315 G,2,5.52,17.065,17.1,2,1,72.3
10434,10434,2018-01-06,9,GENERAL,SMAK MAK NUGGETS  300G,4,5.52,17.065,17.1,2,1,72.3
10435,10435,2018-01-06,9,GENERAL,SMAK MAK SMALEC Z MIESEM 200G,2,2.55,17.065,17.1,2,1,72.3
10436,10436,2018-01-06,9,GENERAL,SMAK MAK SUROWKA Z KUKURYDZA 300G,2,2.29,17.065,17.1,2,1,72.3
10437,10437,2018-01-06,9,GENERAL,SMAK MAK SURÓWKA KOPERKOWA 300G,1,2.29,17.065,17.1,2,1,72.3
10438,10438,2018-01-06,9,GENERAL,SMAK MAK SURÓWKA POROWA 300G,1,2.29,17.065,17.1,2,1,72.3
10439,10439,2018-01-06,9,GENERAL,SMAK MAK ZAPIEKANKA Z PIECZARKAMI 250 G,3,3.42,17.065,17.1,2,1,72.3
10440,10440,2018-01-06,9,GENERAL,SOK Z BURAKA 750 ML,1,3.84,17.065,17.1,2,1,72.3
10441,10441,2018-01-06,9,GENERAL,SOK Z CZARNEGO BZU 750 ML 100%,1,6.7,17.065,17.1,2,1,72.3
10442,10442,2018-01-06,9,GENERAL,SOK Z GRANATU 1 L 100%,1,7.41,17.065,17.1,2,1,72.3
10443,10443,2018-01-06,9,GENERAL,SOK Z KAPUSTY KISZONEJ 1 L,1,2.61,17.065,17.1,2,1,72.3
10444,10444,2018-01-06,9,GENERAL,SOS WEGIERSKI Z PIECZ.550G DAWTONA,2,2.67,17.065,17.1,2,1,72.3
10445,10445,2018-01-06,9,GENERAL,SPRAY COLA 25 ML,1,1.65,17.065,17.1,2,1,72.3
10446,10446,2018-01-06,9,GENERAL,TORTILLA 150 G,8,3.16,17.065,17.1,2,1,72.3
10447,10447,2018-01-06,9,GENERAL,VITAFIZZ WIT C,1,3.05,17.065,17.1,2,1,72.3
10448,10448,2018-01-06,9,GENERAL,WAFLE RYZOWE W CZEK.MLECZNEJ SONKO65 G,1,2.09,17.065,17.1,2,1,72.3
10449,10449,2018-01-06,9,GENERAL,WAFLE RYZOWE W CZEKOLADZIE 65 G SONKO,1,2.06,17.065,17.1,2,1,72.3
10450,10450,2018-01-06,9,GENERAL,WAFLE SUNNY GRAHAM 60 G,3,1.83,17.065,17.1,2,1,72.3
10451,10451,2018-01-06,9,GENERAL,WEDEL CZEKOLADA 100G CREME BRULLE,1,2.35,17.065,17.1,2,1,72.3
10452,10452,2018-01-06,9,GENERAL,WEGIEL DRZEWNY 2 KG,1,4.99,17.065,17.1,2,1,72.3
10453,10453,2018-01-06,9,GENERAL,WIN MAJONEZ 300 G,6,3.09,17.065,17.1,2,1,72.3
10454,10454,2018-01-06,9,GENERAL,WORKI NA SMIECI 35L*26SZT,4,2.15,17.065,17.1,2,1,72.3
12384,12384,2018-01-07,9,GENERAL,AMINO BLYSK .POMIDOROWA Z PIETRUSZKA,3,1.02,19.725,19.9,2,1,75.97
12385,12385,2018-01-07,9,GENERAL,AMINO BLYSK BARSZCZ CZERW Z MAJERANKIEM,5,1.4,19.725,19.9,2,1,75.97
12386,12386,2018-01-07,9,GENERAL,BATERIA R3 WARTA ALKAICZNA,14,0.78,19.725,19.9,2,1,75.97
12387,12387,2018-01-07,9,GENERAL,BERLISO 180 G +20 G CZEKOL,4,1.68,19.725,19.9,2,1,75.97
12388,12388,2018-01-07,9,GENERAL,BRYKIET 2 KG,4,4.69,19.725,19.9,2,1,75.97
12389,12389,2018-01-07,9,GENERAL,CATERING SANDWICH 180 G,3,3.0,19.725,19.9,2,1,75.97
12390,12390,2018-01-07,9,GENERAL,CATERING SANDWISCH 180 G,4,3.0,19.725,19.9,2,1,75.97
12391,12391,2018-01-07,9,GENERAL,CH?ODNIK 0_5 L KRASNYSTAW,2,1.59,19.725,19.9,2,1,75.97
12392,12392,2018-01-07,9,GENERAL,CIASTKA KRAKUSKI DESEROWE Z CUKREM 200G,11,2.4,19.725,19.9,2,1,75.97
12393,12393,2018-01-07,9,GENERAL,CWIKLA Z CHRZANEM 300 G SLON.OGROD,1,1.35,19.725,19.9,2,1,75.97
12394,12394,2018-01-07,9,GENERAL,CYKORIA BUDYN MALINOWY 40 G B/CUKRU,3,0.68,19.725,19.9,2,1,75.97
12395,12395,2018-01-07,9,GENERAL,CZEK.ALPEN GOLD 90G TRUS.,2,1.86,19.725,19.9,2,1,75.97
12396,12396,2018-01-07,9,GENERAL,DR O BUDYN SLODKA CHWILA CZEK+MALINA,2,1.07,19.725,19.9,2,1,75.97
12397,12397,2018-01-07,9,GENERAL,DR O BUDYN SLODKA CHWILA CZEK+WISNIA,1,1.07,19.725,19.9,2,1,75.97
12398,12398,2018-01-07,9,GENERAL,FASOLA BIALA 400G SLON.OGROD,3,1.49,19.725,19.9,2,1,75.97
12399,12399,2018-01-07,9,GENERAL,FASOLA PIEKNY JAS 400 SARITA,2,2.37,19.725,19.9,2,1,75.97
12400,12400,2018-01-07,9,GENERAL,FRYTKI 750 G SUPER,5,7.16,19.725,19.9,2,1,75.97
12401,12401,2018-01-07,9,GENERAL,GROCH PO?ÓWKI400 KROS,6,0.85,19.725,19.9,2,1,75.97
12402,12402,2018-01-07,9,GENERAL,GROSZEK PTYSIOWY 100G,1,2.9,19.725,19.9,2,1,75.97
12403,12403,2018-01-07,9,GENERAL,JOGURT NATURALNY 330 G GRECKI,18,2.77,19.725,19.9,2,1,75.97
12404,12404,2018-01-07,9,GENERAL,KASZKA MANNA 400 G SARITA,4,0.93,19.725,19.9,2,1,75.97
12405,12405,2018-01-07,9,GENERAL,KLEJ SUPER GLU,8,1.1,19.725,19.9,2,1,75.97
12406,12406,2018-01-07,9,GENERAL,KNORR FIX RURKI Z KURCZAKIEM,2,2.09,19.725,19.9,2,1,75.97
12407,12407,2018-01-07,9,GENERAL,KNORR G K BOROWIKOWA,2,0.93,19.725,19.9,2,1,75.97
12408,12408,2018-01-07,9,GENERAL,KNORR SOS SALATKOWY OGRODOWY,1,1.27,19.725,19.9,2,1,75.97
12409,12409,2018-01-07,9,GENERAL,KONSERWA TURYSTYCZNA 300G EVRO,5,1.49,19.725,19.9,2,1,75.97
12410,12410,2018-01-07,9,GENERAL,KONSERWA TYROLSKA 300G EVRA,3,1.49,19.725,19.9,2,1,75.97
12411,12411,2018-01-07,9,GENERAL,KRAKERST 110 G CEBULOWE POL.MLYN,2,1.36,19.725,19.9,2,1,75.97
12412,12412,2018-01-07,9,GENERAL,KRAKERST 110 G SOLONE POL.MLYNY,3,1.36,19.725,19.9,2,1,75.97
12413,12413,2018-01-07,9,GENERAL,KRAKUS BARSZCZ CZERW.300 ML KONC,5,2.87,19.725,19.9,2,1,75.97
12414,12414,2018-01-07,9,GENERAL,KRATKA DO WYSMAZENIA 200G,1,2.15,19.725,19.9,2,1,75.97
12415,12415,2018-01-07,9,GENERAL,KROKIETY Z MIESEM  GRZESKOWIAK,6,4.95,19.725,19.9,2,1,75.97
12416,12416,2018-01-07,9,GENERAL,LIZAK LOLLIPOP,39,0.8343589743589741,19.725,19.9,2,1,75.97
12417,12417,2018-01-07,9,GENERAL,LOWICZ DZEM CZEKO WISNIA 250 G,1,5.16,19.725,19.9,2,1,75.97
12418,12418,2018-01-07,9,GENERAL,MAK SULMA PAPPARDELE 320 G,3,2.39,19.725,19.9,2,1,75.97
12419,12419,2018-01-07,9,GENERAL,MAKA GRYCZANA 500 G,2,6.0,19.725,19.9,2,1,75.97
12420,12420,2018-01-07,9,GENERAL,MAKA JAGLANA 500 G,1,4.96,19.725,19.9,2,1,75.97
12421,12421,2018-01-07,9,GENERAL,MANDARYNKI W SYROPIE 312 G,2,2.67,19.725,19.9,2,1,75.97
12422,12422,2018-01-07,9,GENERAL,MARCHEW Z GROSZKIEM+KUKURYDZA  470 G SLO,1,2.02,19.725,19.9,2,1,75.97
12423,12423,2018-01-07,9,GENERAL,MARYNATA 160 G CZOSNKOWO -ZIOLOWA,1,2.53,19.725,19.9,2,1,75.97
12424,12424,2018-01-07,9,GENERAL,MARYNATA 160 G KLASYCZNA,1,2.53,19.725,19.9,2,1,75.97
12425,12425,2018-01-07,9,GENERAL,MARYNATA 160 G WEGIERSKA,1,2.53,19.725,19.9,2,1,75.97
12426,12426,2018-01-07,9,GENERAL,MIESZANKA STUDENCKA 40 G POL.MLYNY,1,1.32,19.725,19.9,2,1,75.97
12427,12427,2018-01-07,9,GENERAL,MLEKO KOKOSOWE 250 ML,5,3.17,19.725,19.9,2,1,75.97
12428,12428,2018-01-07,9,GENERAL,MLEKO KOKOSOWE 250 ML BANAN,3,3.4,19.725,19.9,2,1,75.97
12429,12429,2018-01-07,9,GENERAL,MLEKO KOKOSOWE 250 ML CZEKOLADA,1,3.4,19.725,19.9,2,1,75.97
12430,12430,2018-01-07,9,GENERAL,MLEKO KOKOSOWE 250 ML TRUSKAWKA,3,3.4,19.725,19.9,2,1,75.97
12431,12431,2018-01-07,9,GENERAL,MOZZARELLA 125 G MINI,5,3.06,19.725,19.9,2,1,75.97
12432,12432,2018-01-07,9,GENERAL,NAP IZOTONI MOVE LEMON 750 ML,10,1.21,19.725,19.9,2,1,75.97
12433,12433,2018-01-07,9,GENERAL,PASSATA 680 G LOWICZ,3,4.63,19.725,19.9,2,1,75.97
12434,12434,2018-01-07,9,GENERAL,PECZAK KUJAWSKI 900 G,1,2.2,19.725,19.9,2,1,75.97
12435,12435,2018-01-07,9,GENERAL,PERSIL 1_4 KG COLOR,2,12.59,19.725,19.9,2,1,75.97
12436,12436,2018-01-07,9,GENERAL,PIEROGI RUSKIE 450 G,1,3.04,19.725,19.9,2,1,75.97
12437,12437,2018-01-07,9,GENERAL,PRAZYNKI OK 70 G SOLONE,21,0.93,19.725,19.9,2,1,75.97
12438,12438,2018-01-07,9,GENERAL,PRZYPRAWA DO DROBIU 20 G,2,2.08,19.725,19.9,2,1,75.97
12439,12439,2018-01-07,9,GENERAL,PUDL KETCHUP ?AGODNY 410 G,1,4.22,19.725,19.9,2,1,75.97
12440,12440,2018-01-07,9,GENERAL,PUDL KETCHUP PIKANTNY 480 G,5,3.334,19.725,19.9,2,1,75.97
12441,12441,2018-01-07,9,GENERAL,PUDL KONCEN.POMIDOROWY 310 G,6,4.03666666666667,19.725,19.9,2,1,75.97
12442,12442,2018-01-07,9,GENERAL,SMAK MAK FLAKI KROLEWSKIE 800G,3,7.4,19.725,19.9,2,1,75.97
12443,12443,2018-01-07,9,GENERAL,SMAK MAK FLAKI WOLOWE 900G,1,7.7,19.725,19.9,2,1,75.97
12444,12444,2018-01-07,9,GENERAL,SMAK MAK GALARETKA Z KURCZAKA 200G,1,3.15,19.725,19.9,2,1,75.97
12445,12445,2018-01-07,9,GENERAL,SMAK MAK GALAT WIEPRZOWY 200G,2,3.15,19.725,19.9,2,1,75.97
12446,12446,2018-01-07,9,GENERAL,SMAK MAK INDYK W GALARECIE 200G,2,3.5,19.725,19.9,2,1,75.97
12447,12447,2018-01-07,9,GENERAL,SMAK MAK JAJKO Z SZYNKA W GALARECIE 200G,1,3.5,19.725,19.9,2,1,75.97
12448,12448,2018-01-07,9,GENERAL,SMAK MAK MEDALIONY 315 G,2,5.52,19.725,19.9,2,1,75.97
12449,12449,2018-01-07,9,GENERAL,SMAK MAK MEDALIONY Z SEREM 315 G,2,5.52,19.725,19.9,2,1,75.97
12450,12450,2018-01-07,9,GENERAL,SMAK MAK NUGGETS  300G,3,5.52,19.725,19.9,2,1,75.97
12451,12451,2018-01-07,9,GENERAL,SMAK MAK PIEROGI Z KAP.I GRZYBAMI 400G,1,4.45,19.725,19.9,2,1,75.97
12452,12452,2018-01-07,9,GENERAL,SMAK MAK PIEROGI Z SEREM 400G,2,4.45,19.725,19.9,2,1,75.97
12453,12453,2018-01-07,9,GENERAL,SMAK MAK SMALEC Z MIESEM 200G,2,2.55,19.725,19.9,2,1,75.97
12454,12454,2018-01-07,9,GENERAL,SMAK MAK ZAPIEKANKA Z PIECZARKAMI 250 G,11,3.42,19.725,19.9,2,1,75.97
12455,12455,2018-01-07,9,GENERAL,SOK ARONIA 750 ML 100%,1,5.67,19.725,19.9,2,1,75.97
12456,12456,2018-01-07,9,GENERAL,SOK Z BURAKA 750 ML,1,3.84,19.725,19.9,2,1,75.97
12457,12457,2018-01-07,9,GENERAL,SOK Z CZARNEGO BZU 750 ML 100%,1,6.7,19.725,19.9,2,1,75.97
12458,12458,2018-01-07,9,GENERAL,SOS WEGIERSKI Z PIECZ.550G DAWTONA,1,2.67,19.725,19.9,2,1,75.97
12459,12459,2018-01-07,9,GENERAL,SPRAY COLA 25 ML,23,1.65,19.725,19.9,2,1,75.97
12460,12460,2018-01-07,9,GENERAL,TRUSKAWKI W SYROPIE 410 G M-K,1,3.14,19.725,19.9,2,1,75.97
12461,12461,2018-01-07,9,GENERAL,VITAFIZZ WIT C,1,3.05,19.725,19.9,2,1,75.97
12462,12462,2018-01-07,9,GENERAL,WAFLE RYZOWE 100G Z SOLA MORSKA MLYN PO,3,1.9,19.725,19.9,2,1,75.97
12463,12463,2018-01-07,9,GENERAL,WAFLE RYZOWE W CZEK.DESEROWEJ 70 G,9,2.4,19.725,19.9,2,1,75.97
12464,12464,2018-01-07,9,GENERAL,WAFLE RYZOWE W CZEKOLADZIE MIECZ.Z SOLA,1,2.4,19.725,19.9,2,1,75.97
12465,12465,2018-01-07,9,GENERAL,WAFLE RYZOWE Z SOLA MORSKA POL_MLYN 100G,1,1.9,19.725,19.9,2,1,75.97
12466,12466,2018-01-07,9,GENERAL,WIN BUDYN CZEKOLADOWY B/CUKRU 38 G,3,0.72,19.725,19.9,2,1,75.97
12467,12467,2018-01-07,9,GENERAL,WIN KISIEL MALINA Z IMBIREM 36 G,1,0.98,19.725,19.9,2,1,75.97
12468,12468,2018-01-07,9,GENERAL,WIN MAJONEZ 300 G,9,3.09,19.725,19.9,2,1,75.97
12469,12469,2018-01-07,9,GENERAL,ZESZYT W KRATKE 16,1,0.65,19.725,19.9,2,1,75.97
12470,12470,2018-01-07,9,GENERAL,ZUPA 9 WARZYW 450 G,1,3.73,19.725,19.9,2,1,75.97
12471,12471,2018-01-07,9,GENERAL,ZUPA VIFON KREWETKA PIKANTNA OSTRA,5,0.92,19.725,19.9,2,1,75.97
14482,14482,2018-01-08,9,GENERAL,AMINO BLYSK .POMIDOROWA Z PIETRUSZKA,29,1.02,19.92,20.06,2,0,69.97
14483,14483,2018-01-08,9,GENERAL,AMINO BLYSK BARSZCZ CZERW Z MAJERANKIEM,29,1.4,19.92,20.06,2,0,69.97
14484,14484,2018-01-08,9,GENERAL,BATERIA R3 WARTA ALKAICZNA,17,0.78,19.92,20.06,2,0,69.97
14485,14485,2018-01-08,9,GENERAL,BERLISO 180 G +20 G CZEKOL,3,1.29,19.92,20.06,2,0,69.97
14486,14486,2018-01-08,9,GENERAL,BRYKIET 2 KG,2,4.69,19.92,20.06,2,0,69.97
14487,14487,2018-01-08,9,GENERAL,CATERING SANDWICH 180 G,1,3.0,19.92,20.06,2,0,69.97
14488,14488,2018-01-08,9,GENERAL,CEBULKA MARYNOWANA 305 G OLE,1,3.25,19.92,20.06,2,0,69.97
14489,14489,2018-01-08,9,GENERAL,CHRUPKI KUKURYDZIANE 200G,3,1.59,19.92,20.06,2,0,69.97
14490,14490,2018-01-08,9,GENERAL,CIASTKA KRAKUSKI DESEROWE Z CUKREM 200G,13,2.4,19.92,20.06,2,0,69.97
14491,14491,2018-01-08,9,GENERAL,CYKORIA BUDYN MALINOWY 40 G B/CUKRU,5,0.68,19.92,20.06,2,0,69.97
14492,14492,2018-01-08,9,GENERAL,CZARNUSZKA 50 G,1,2.17,19.92,20.06,2,0,69.97
14493,14493,2018-01-08,9,GENERAL,DR O BUDYN SLODKA CHWILA CZEK+MALINA,2,1.07,19.92,20.06,2,0,69.97
14494,14494,2018-01-08,9,GENERAL,FASOLA BIALA 400G SLON.OGROD,9,1.57888888888889,19.92,20.06,2,0,69.97
14495,14495,2018-01-08,9,GENERAL,FASOLA PIEKNY JAS 400 SARITA,6,2.62,19.92,20.06,2,0,69.97
14496,14496,2018-01-08,9,GENERAL,FRYTKI 750 G SUPER,4,7.16,19.92,20.06,2,0,69.97
14497,14497,2018-01-08,9,GENERAL,GROCH PO?ÓWKI400 KROS,1,0.85,19.92,20.06,2,0,69.97
14498,14498,2018-01-08,9,GENERAL,JAB?KO PRAZONE 900G,1,5.31,19.92,20.06,2,0,69.97
14499,14499,2018-01-08,9,GENERAL,JOGURT NATURALNY 330 G GRECKI,6,2.77,19.92,20.06,2,0,69.97
14500,14500,2018-01-08,9,GENERAL,KASZKA MANNA 400 G SARITA,4,0.93,19.92,20.06,2,0,69.97
14501,14501,2018-01-08,9,GENERAL,KLEJ SUPER GLU,6,1.10333333333333,19.92,20.06,2,0,69.97
14502,14502,2018-01-08,9,GENERAL,KNORR FIX RURKI Z KURCZAKIEM,2,2.09,19.92,20.06,2,0,69.97
14503,14503,2018-01-08,9,GENERAL,KNORR G.K MAKARON BOLONSKI,2,4.36,19.92,20.06,2,0,69.97
14504,14504,2018-01-08,9,GENERAL,KNORR SOS SALATKOWY OGRODOWY,3,1.27,19.92,20.06,2,0,69.97
14505,14505,2018-01-08,9,GENERAL,KONSERWA TURYSTYCZNA 300G EVRO,3,1.49,19.92,20.06,2,0,69.97
14506,14506,2018-01-08,9,GENERAL,KONSERWA TYROLSKA 300G EVRA,5,1.49,19.92,20.06,2,0,69.97
14507,14507,2018-01-08,9,GENERAL,KRAKUS BARSZCZ CZERW.300 ML KONC,2,2.87,19.92,20.06,2,0,69.97
14508,14508,2018-01-08,9,GENERAL,KROKIETY Z MIESEM  GRZESKOWIAK,3,4.95,19.92,20.06,2,0,69.97
14509,14509,2018-01-08,9,GENERAL,KUBUS MULTIWITAMINA 300 ML,1,1.31,19.92,20.06,2,0,69.97
14510,14510,2018-01-08,9,GENERAL,LIZAK LOLLIPOP,39,0.82,19.92,20.06,2,0,69.97
14511,14511,2018-01-08,9,GENERAL,MLEKO KOKOSOWE 250 ML,1,3.17,19.92,20.06,2,0,69.97
14512,14512,2018-01-08,9,GENERAL,MLEKO KOKOSOWE 250 ML BANAN,2,3.4,19.92,20.06,2,0,69.97
14513,14513,2018-01-08,9,GENERAL,MLEKO KOKOSOWE 250 ML CZEKOLADA,2,3.4,19.92,20.06,2,0,69.97
14514,14514,2018-01-08,9,GENERAL,MLEKO MLECZ.ZAGRODA 2% 1L BUT_,12,1.76,19.92,20.06,2,0,69.97
14515,14515,2018-01-08,9,GENERAL,NAP TYMBARK 0_3 ML JAB?KO,11,1.5,19.92,20.06,2,0,69.97
14516,14516,2018-01-08,9,GENERAL,OREGANO 20 G,1,2.17,19.92,20.06,2,0,69.97
14517,14517,2018-01-08,9,GENERAL,PALUSZKI SOLONE 125 G POLSKIE MLYN,1,1.36,19.92,20.06,2,0,69.97
14518,14518,2018-01-08,9,GENERAL,PASSATA 680 G LOWICZ,1,4.63,19.92,20.06,2,0,69.97
14519,14519,2018-01-08,9,GENERAL,PASZTET PODLASKI 50 G,1,0.51,19.92,20.06,2,0,69.97
14520,14520,2018-01-08,9,GENERAL,PECZAK KUJAWSKI 900 G,1,2.2,19.92,20.06,2,0,69.97
14521,14521,2018-01-08,9,GENERAL,PERSIL 1_4 KG COLOR,1,10.19,19.92,20.06,2,0,69.97
14522,14522,2018-01-08,9,GENERAL,PLATKI FITNESS 225 G FRUITS,1,3.47,19.92,20.06,2,0,69.97
14523,14523,2018-01-08,9,GENERAL,PRAZYNKI OK 70 G SOLONE,5,0.93,19.92,20.06,2,0,69.97
14524,14524,2018-01-08,9,GENERAL,PRETZEL 100 G CHIPS,1,1.78,19.92,20.06,2,0,69.97
14525,14525,2018-01-08,9,GENERAL,SER MLEKOPOL Z?OTY MAZYR 150 G PLASTRY,4,2.59,19.92,20.06,2,0,69.97
14526,14526,2018-01-08,9,GENERAL,SMAK MAK GALARETKA Z KURCZAKA 200G,1,3.15,19.92,20.06,2,0,69.97
14527,14527,2018-01-08,9,GENERAL,SMAK MAK GALAT WIEPRZOWY 200G,1,3.15,19.92,20.06,2,0,69.97
14528,14528,2018-01-08,9,GENERAL,SMAK MAK INDYK W GALARECIE 200G,2,3.5,19.92,20.06,2,0,69.97
14529,14529,2018-01-08,9,GENERAL,SMAK MAK JAJKO W SZYNCE 200G,2,3.5,19.92,20.06,2,0,69.97
14530,14530,2018-01-08,9,GENERAL,SMAK MAK MEDALIONY 315 G,1,5.52,19.92,20.06,2,0,69.97
14531,14531,2018-01-08,9,GENERAL,SMAK MAK MEDALIONY Z SEREM 315 G,2,5.52,19.92,20.06,2,0,69.97
14532,14532,2018-01-08,9,GENERAL,SMAK MAK NUGGETS  300G,2,5.52,19.92,20.06,2,0,69.97
14533,14533,2018-01-08,9,GENERAL,SMAK MAK PIEROGI Z KAP.I GRZYBAMI 400G,2,4.45,19.92,20.06,2,0,69.97
14534,14534,2018-01-08,9,GENERAL,SMAK MAK SMALEC Z MIESEM 200G,1,2.55,19.92,20.06,2,0,69.97
14535,14535,2018-01-08,9,GENERAL,SMAK MAK ZAPIEKANKA Z PIECZARKAMI 250 G,4,3.42,19.92,20.06,2,0,69.97
14536,14536,2018-01-08,9,GENERAL,SOK Z BURAKA 750 ML,1,3.84,19.92,20.06,2,0,69.97
14537,14537,2018-01-08,9,GENERAL,TABLETKI PIEC ZIÓL GARD?O,1,3.6,19.92,20.06,2,0,69.97
14538,14538,2018-01-08,9,GENERAL,TORTILLA 150 G,1,3.16,19.92,20.06,2,0,69.97
14539,14539,2018-01-08,9,GENERAL,VITAFIZZ WIT C,1,3.05,19.92,20.06,2,0,69.97
14540,14540,2018-01-08,9,GENERAL,WAFLE RYZOWE 100G Z SOLA MORSKA MLYN PO,3,1.9,19.92,20.06,2,0,69.97
14541,14541,2018-01-08,9,GENERAL,WAFLE RYZOWE Z SOLA MORSKA POL_MLYN 100G,1,1.9,19.92,20.06,2,0,69.97
14542,14542,2018-01-08,9,GENERAL,WIN BUDYN CZEKOLADOWY B/CUKRU 38 G,2,0.72,19.92,20.06,2,0,69.97
14543,14543,2018-01-08,9,GENERAL,WIN MAJONEZ 300 G,17,3.00764705882353,19.92,20.06,2,0,69.97
14544,14544,2018-01-08,9,GENERAL,WIN POMYS? NA KOTLECIKI SCHABOWE Z PIEPR,1,1.94,19.92,20.06,2,0,69.97
14545,14545,2018-01-08,9,GENERAL,ZAPIEKANKA Z KEBABEM 240 G,1,3.34,19.92,20.06,2,0,69.97
14546,14546,2018-01-08,9,GENERAL,ZARODKI PRZENNE 150 G POL MLYN,1,2.88,19.92,20.06,2,0,69.97
14547,14547,2018-01-08,9,GENERAL,ZUPA 9 WARZYW 450 G,6,3.73,19.92,20.06,2,0,69.97
14548,14548,2018-01-08,9,GENERAL,ZUPA VIFON KREWETKA PIKANTNA OSTRA,1,0.92,19.92,20.06,2,0,69.97
16550,16550,2018-01-09,10,GENERAL,AMINO BLYSK .POMIDOROWA Z PIETRUSZKA,26,0.971538461538461,15.835,14.73,2,1,69.23
16551,16551,2018-01-09,10,GENERAL,AMINO BLYSK BARSZCZ CZERW Z MAJERANKIEM,23,1.11739130434783,15.835,14.73,2,1,69.23
16552,16552,2018-01-09,10,GENERAL,BANDAZ 5 CM *4 M,1,0.31,15.835,14.73,2,1,69.23
16553,16553,2018-01-09,10,GENERAL,BANKI MYDLANE,1,1.0,15.835,14.73,2,1,69.23
16554,16554,2018-01-09,10,GENERAL,BATERIA R3 WARTA ALKAICZNA,30,0.791666666666667,15.835,14.73,2,1,69.23
16555,16555,2018-01-09,10,GENERAL,BERLISO 180 G +20 G CZEKOL,9,1.29,15.835,14.73,2,1,69.23
16556,16556,2018-01-09,10,GENERAL,CATERING SANDWICH 180 G,2,3.0,15.835,14.73,2,1,69.23
16557,16557,2018-01-09,10,GENERAL,CATERING SANDWISCH 180 G,12,3.255,15.835,14.73,2,1,69.23
16558,16558,2018-01-09,10,GENERAL,CEBULKA MARYNOWANA 305 G OLE,1,3.25,15.835,14.73,2,1,69.23
16559,16559,2018-01-09,10,GENERAL,CHRUPKI KUKURYDZIANE 200G,6,1.605,15.835,14.73,2,1,69.23
16560,16560,2018-01-09,10,GENERAL,CUKIER TRZCINOWY SASZETKI40 SZT,1,3.14,15.835,14.73,2,1,69.23
16561,16561,2018-01-09,10,GENERAL,CWIKLA Z CHRZANEM 300 G SLON.OGROD,1,1.35,15.835,14.73,2,1,69.23
16562,16562,2018-01-09,10,GENERAL,CYKORIA BUDYN MALINOWY 40 G B/CUKRU,8,0.68,15.835,14.73,2,1,69.23
16563,16563,2018-01-09,10,GENERAL,CZARNUSZKA 50 G,1,2.17,15.835,14.73,2,1,69.23
16564,16564,2018-01-09,10,GENERAL,FASOLA BIALA 400G SLON.OGROD,4,1.59,15.835,14.73,2,1,69.23
16565,16565,2018-01-09,10,GENERAL,FASOLA PIEKNY JAS 400 SARITA,1,2.62,15.835,14.73,2,1,69.23
16566,16566,2018-01-09,10,GENERAL,GROCH PO?ÓWKI400 KROS,10,0.85,15.835,14.73,2,1,69.23
16567,16567,2018-01-09,10,GENERAL,GRZANKI Z CZOSNKIEM 200G,3,2.7,15.835,14.73,2,1,69.23
16568,16568,2018-01-09,10,GENERAL,GUMA BALONOWA TUBA 35 G,5,1.45,15.835,14.73,2,1,69.23
16569,16569,2018-01-09,10,GENERAL,JAB?KO PRAZONE 900G,2,5.31,15.835,14.73,2,1,69.23
16570,16570,2018-01-09,10,GENERAL,JOGURT NATURALNY 330 G GRECKI,10,2.78,15.835,14.73,2,1,69.23
16571,16571,2018-01-09,10,GENERAL,KASZKA MANNA 400 G SARITA,5,0.93,15.835,14.73,2,1,69.23
16572,16572,2018-01-09,10,GENERAL,KLEJ SUPER GLU,11,1.11,15.835,14.73,2,1,69.23
16573,16573,2018-01-09,10,GENERAL,KNORR FIX RURKI Z KURCZAKIEM,2,2.09,15.835,14.73,2,1,69.23
16574,16574,2018-01-09,10,GENERAL,KNORR G.K MAKARON BOLONSKI,1,4.36,15.835,14.73,2,1,69.23
16575,16575,2018-01-09,10,GENERAL,KNORR SOS SALATKOWY OGRODOWY,1,1.27,15.835,14.73,2,1,69.23
16576,16576,2018-01-09,10,GENERAL,KNORR SOS SALATKOWY PAP+ZIOLA,1,1.27,15.835,14.73,2,1,69.23
16577,16577,2018-01-09,10,GENERAL,KRAKUS BARSZCZ CZERW.300 ML KONC,10,2.87,15.835,14.73,2,1,69.23
16578,16578,2018-01-09,10,GENERAL,KRATKA DO WYSMAZENIA 200G,1,2.15,15.835,14.73,2,1,69.23
16579,16579,2018-01-09,10,GENERAL,KROKIETY Z MIESEM  GRZESKOWIAK,6,4.95,15.835,14.73,2,1,69.23
16580,16580,2018-01-09,10,GENERAL,LIZAK LOLLIPOP,22,0.82,15.835,14.73,2,1,69.23
16581,16581,2018-01-09,10,GENERAL,LOWICZ DZEM CZEKO BRZOSKWINIA 250 G,3,4.9,15.835,14.73,2,1,69.23
16582,16582,2018-01-09,10,GENERAL,LOWICZ DZEM CZEKO WISNIA 250 G,1,5.16,15.835,14.73,2,1,69.23
16583,16583,2018-01-09,10,GENERAL,MAKA GRYCZANA 500 G,1,6.0,15.835,14.73,2,1,69.23
16584,16584,2018-01-09,10,GENERAL,MAKA KOKOSOWA 1 KG,1,8.15,15.835,14.73,2,1,69.23
16585,16585,2018-01-09,10,GENERAL,MAKA RYZOWA 500 G,2,3.67,15.835,14.73,2,1,69.23
16586,16586,2018-01-09,10,GENERAL,MIESZANKA STUDENCKA 40 G POL.MLYNY,3,1.32,15.835,14.73,2,1,69.23
16587,16587,2018-01-09,10,GENERAL,MLEKO KOKOSOWE 250 ML,4,3.17,15.835,14.73,2,1,69.23
16588,16588,2018-01-09,10,GENERAL,MLEKO KOKOSOWE 250 ML BANAN,10,3.4,15.835,14.73,2,1,69.23
16589,16589,2018-01-09,10,GENERAL,MLEKO KOKOSOWE 250 ML CZEKOLADA,5,3.4,15.835,14.73,2,1,69.23
16590,16590,2018-01-09,10,GENERAL,MLEKO KOKOSOWE 250 ML TRUSKAWKA,7,3.4,15.835,14.73,2,1,69.23
16591,16591,2018-01-09,10,GENERAL,MOZZARELLA 125 G MINI,3,3.06,15.835,14.73,2,1,69.23
16592,16592,2018-01-09,10,GENERAL,PASZTET PODLASKI 50 G,11,0.51,15.835,14.73,2,1,69.23
16593,16593,2018-01-09,10,GENERAL,PERSIL 1_4 KG COLOR,1,10.19,15.835,14.73,2,1,69.23
16594,16594,2018-01-09,10,GENERAL,PLATKI FITNESS 225 G FRUITS,2,3.47,15.835,14.73,2,1,69.23
16595,16595,2018-01-09,10,GENERAL,PRETZEL 100 G CHIPS,1,1.78,15.835,14.73,2,1,69.23
16596,16596,2018-01-09,10,GENERAL,SER MLEKOPOL Z?OTY MAZYR 150 G PLASTRY,8,2.59,15.835,14.73,2,1,69.23
16597,16597,2018-01-09,10,GENERAL,SEZAM KRESTO 200 G,1,1.45,15.835,14.73,2,1,69.23
16598,16598,2018-01-09,10,GENERAL,SMAK MAK GALARETKA Z KURCZAKA 200G,3,3.15,15.835,14.73,2,1,69.23
16599,16599,2018-01-09,10,GENERAL,SMAK MAK GALAT WIEPRZOWY 200G,3,3.15,15.835,14.73,2,1,69.23
16600,16600,2018-01-09,10,GENERAL,SMAK MAK INDYK W GALARECIE 200G,2,3.5,15.835,14.73,2,1,69.23
16601,16601,2018-01-09,10,GENERAL,SMAK MAK MEDALIONY 315 G,1,5.52,15.835,14.73,2,1,69.23
16602,16602,2018-01-09,10,GENERAL,SMAK MAK NUGGETS  300G,3,5.52,15.835,14.73,2,1,69.23
16603,16603,2018-01-09,10,GENERAL,SMAK MAK PIEROGI Z SEREM 400G,1,4.45,15.835,14.73,2,1,69.23
16604,16604,2018-01-09,10,GENERAL,SMAK MAK SMALEC Z MIESEM 200G,2,2.55,15.835,14.73,2,1,69.23
16605,16605,2018-01-09,10,GENERAL,SMAK MAK ZAPIEKANKA Z PIECZARKAMI 250 G,2,3.42,15.835,14.73,2,1,69.23
16606,16606,2018-01-09,10,GENERAL,SOL HIMALAJSKA ROZOWA 500 G,1,2.45,15.835,14.73,2,1,69.23
16607,16607,2018-01-09,10,GENERAL,STARTER VIRGIN 5 ZL,1,3.04,15.835,14.73,2,1,69.23
16608,16608,2018-01-09,10,GENERAL,TABLETKI PIEC ZIÓL GARD?O,1,3.6,15.835,14.73,2,1,69.23
16609,16609,2018-01-09,10,GENERAL,TRUSKAWKI W SYROPIE 410 G M-K,1,3.14,15.835,14.73,2,1,69.23
16610,16610,2018-01-09,10,GENERAL,VITAFIZZ WIT C,1,3.05,15.835,14.73,2,1,69.23
16611,16611,2018-01-09,10,GENERAL,WAFLE RYZOWE W CZEKOLADZIE MIECZ.Z SOLA,2,2.4,15.835,14.73,2,1,69.23
16612,16612,2018-01-09,10,GENERAL,WEDEL CZEKOL.100G PANNA COTTA,2,2.43,15.835,14.73,2,1,69.23
16613,16613,2018-01-09,10,GENERAL,WEGIEL DO GRILA 2 KG,2,4.69,15.835,14.73,2,1,69.23
16614,16614,2018-01-09,10,GENERAL,WIN BUDYN CZEKOLADOWY B/CUKRU 38 G,7,0.72,15.835,14.73,2,1,69.23
16615,16615,2018-01-09,10,GENERAL,WIN MAJONEZ 300 G,5,2.99,15.835,14.73,2,1,69.23
16616,16616,2018-01-09,10,GENERAL,WIN POMYS? NA KOTLECIKI SCHABOWE Z PIEPR,1,1.94,15.835,14.73,2,1,69.23
16617,16617,2018-01-09,10,GENERAL,WIN ZUPA OGONOWA,2,1.16,15.835,14.73,2,1,69.23
16618,16618,2018-01-09,10,GENERAL,ZUPA 9 WARZYW 450 G,11,3.58454545454545,15.835,14.73,2,1,69.23
16619,16619,2018-01-09,10,GENERAL,ZUPA VIFON KREWETKA PIKANTNA OSTRA,4,0.92,15.835,14.73,2,1,69.23
18516,18516,2018-01-10,8,GENERAL,AMINO BLYSK  KARTOFLE PO POZNAN.65 G,2,1.65,10.71,8.19,1,1,71.65
18517,18517,2018-01-10,8,GENERAL,AMINO BLYSK .POMIDOROWA Z PIETRUSZKA,18,1.125,10.71,8.19,1,1,71.65
18518,18518,2018-01-10,8,GENERAL,AMINO BLYSK BARSZCZ CZERW Z MAJERANKIEM,12,0.9,10.71,8.19,1,1,71.65
18519,18519,2018-01-10,8,GENERAL,BANKI MYDLANE,4,1.0,10.71,8.19,1,1,71.65
18520,18520,2018-01-10,8,GENERAL,BATERIA R3 WARTA ALKAICZNA,21,0.8542857142857142,10.71,8.19,1,1,71.65
18521,18521,2018-01-10,8,GENERAL,BERLISO 180 G+20G TRUSKA,10,1.59,10.71,8.19,1,1,71.65
18522,18522,2018-01-10,8,GENERAL,CATERING KANAPKA KEBAB,3,3.96,10.71,8.19,1,1,71.65
18523,18523,2018-01-10,8,GENERAL,CATERING KANAPKA Z KURCZAKIEM,1,3.96,10.71,8.19,1,1,71.65
18524,18524,2018-01-10,8,GENERAL,CATERING SANDWICH 180 G,7,3.34,10.71,8.19,1,1,71.65
18525,18525,2018-01-10,8,GENERAL,CATERING SANDWISCH 180 G,21,3.34,10.71,8.19,1,1,71.65
18526,18526,2018-01-10,8,GENERAL,CHRUPKI KUKURYDZIANE 200G,8,1.62,10.71,8.19,1,1,71.65
18527,18527,2018-01-10,8,GENERAL,CIASTKA TWIN 8 SZT MILK,1,3.8,10.71,8.19,1,1,71.65
18528,18528,2018-01-10,8,GENERAL,CIASTKO TWIN 8 SZT KAKAO,1,3.8,10.71,8.19,1,1,71.65
18529,18529,2018-01-10,8,GENERAL,CWIKLA Z CHRZANEM 300 G SLON.OGROD,2,1.35,10.71,8.19,1,1,71.65
18530,18530,2018-01-10,8,GENERAL,CYKORIA BUDYN MALINOWY 40 G B/CUKRU,6,0.68,10.71,8.19,1,1,71.65
18531,18531,2018-01-10,8,GENERAL,CZEK ALPEN GOLD 100 G MLECZNA,3,2.04,10.71,8.19,1,1,71.65
18532,18532,2018-01-10,8,GENERAL,CZEK ALPEN GOLD 100G ORZECH,1,1.87,10.71,8.19,1,1,71.65
18533,18533,2018-01-10,8,GENERAL,CZEK.ALPEN GOLD 90G TRUS.,4,1.86,10.71,8.19,1,1,71.65
18534,18534,2018-01-10,8,GENERAL,DELECTA  MACZEK 40 G MANGO,0.4,3.05,10.71,8.19,1,1,71.65
18535,18535,2018-01-10,8,GENERAL,FASOLA BIALA 400G SLON.OGROD,4,1.59,10.71,8.19,1,1,71.65
18536,18536,2018-01-10,8,GENERAL,FASOLA PIEKNY JAS 400 SARITA,5,2.62,10.71,8.19,1,1,71.65
18537,18537,2018-01-10,8,GENERAL,GROCH PO?ÓWKI400 KROS,8,0.85,10.71,8.19,1,1,71.65
18538,18538,2018-01-10,8,GENERAL,GRZANKI Z CZOSNKIEM 200G,2,2.7,10.71,8.19,1,1,71.65
18539,18539,2018-01-10,8,GENERAL,GUMA BALONOWA TUBA 35 G,12,1.45,10.71,8.19,1,1,71.65
18540,18540,2018-01-10,8,GENERAL,KASZKA MANNA 400 G SARITA,5,0.93,10.71,8.19,1,1,71.65
18541,18541,2018-01-10,8,GENERAL,KLEJ SUPER GLU,9,1.08,10.71,8.19,1,1,71.65
18542,18542,2018-01-10,8,GENERAL,KNORR BARSZCZ BIALY 45 G,1,1.19,10.71,8.19,1,1,71.65
18543,18543,2018-01-10,8,GENERAL,KNORR G.K MAKARON BOLONSKI,2,4.36,10.71,8.19,1,1,71.65
18544,18544,2018-01-10,8,GENERAL,KNORR SOS SALATKOWY PAP+ZIOLA,1,1.27,10.71,8.19,1,1,71.65
18545,18545,2018-01-10,8,GENERAL,KONSERWA TYROLSKA 300G EVRA,1,1.49,10.71,8.19,1,1,71.65
18546,18546,2018-01-10,8,GENERAL,KRAKUS BARSZCZ CZERW.300 ML KONC,4,3.62,10.71,8.19,1,1,71.65
18547,18547,2018-01-10,8,GENERAL,KRATKA DO WYSMAZENIA 200G,1,2.15,10.71,8.19,1,1,71.65
18548,18548,2018-01-10,8,GENERAL,KROKIETY Z MIESEM  GRZESKOWIAK,5,4.95,10.71,8.19,1,1,71.65
18549,18549,2018-01-10,8,GENERAL,KUBUS MULTIWITAMINA 300 ML,12,1.31,10.71,8.19,1,1,71.65
18550,18550,2018-01-10,8,GENERAL,LOWICZ DZEM CZEKO BRZOSKWINIA 250 G,1,4.9,10.71,8.19,1,1,71.65
18551,18551,2018-01-10,8,GENERAL,MAK EKOMAK 500 G SWIDERKI,5,1.75,10.71,8.19,1,1,71.65
18552,18552,2018-01-10,8,GENERAL,MAK SULMA PAPPARDELE 320 G,4,2.39,10.71,8.19,1,1,71.65
18553,18553,2018-01-10,8,GENERAL,MAKA KASZTANOWA 200G,1,8.44,10.71,8.19,1,1,71.65
18554,18554,2018-01-10,8,GENERAL,MARCHEW Z GROSZKIEM+KUKURYDZA  470 G SLO,2,1.915,10.71,8.19,1,1,71.65
18555,18555,2018-01-10,8,GENERAL,MIKUS KREM Z PALUSZKAMI 25 G,14,1.23,10.71,8.19,1,1,71.65
18556,18556,2018-01-10,8,GENERAL,MLEKO KOKOSOWE 250 ML CZEKOLADA,3,3.4,10.71,8.19,1,1,71.65
18557,18557,2018-01-10,8,GENERAL,MLEKO KOKOSOWE 250 ML TRUSKAWKA,2,3.4,10.71,8.19,1,1,71.65
18558,18558,2018-01-10,8,GENERAL,MOZZARELLA 125 G MINI,2,3.06,10.71,8.19,1,1,71.65
18559,18559,2018-01-10,8,GENERAL,OLIWKI 50 G,1,1.17,10.71,8.19,1,1,71.65
18560,18560,2018-01-10,8,GENERAL,OPASKA NA REKE ODBLASK,6,0.67,10.71,8.19,1,1,71.65
18561,18561,2018-01-10,8,GENERAL,ORZESZKI ZIEMNE W KARMELU 40 G,1,0.87,10.71,8.19,1,1,71.65
18562,18562,2018-01-10,8,GENERAL,PASZTET PODLASKI 50 G,7,0.51,10.71,8.19,1,1,71.65
18563,18563,2018-01-10,8,GENERAL,PECZAK KUJAWSKI 900 G,3,2.2,10.71,8.19,1,1,71.65
18564,18564,2018-01-10,8,GENERAL,PIEROGI Z MIESEM 400 G KOTWICA,1,3.47,10.71,8.19,1,1,71.65
18565,18565,2018-01-10,8,GENERAL,PLATKI FITNESS 225 G FRUITS,3,3.47,10.71,8.19,1,1,71.65
18566,18566,2018-01-10,8,GENERAL,PODGRZYBEK BRUNATNY 20 G RONPOL,1,3.9,10.71,8.19,1,1,71.65
18567,18567,2018-01-10,8,GENERAL,PRZYPRAWA DO DROBIU 20 G,1,2.08,10.71,8.19,1,1,71.65
18568,18568,2018-01-10,8,GENERAL,PUDL MIESZANKA WARZYWNA PO MEKSYKAN.450,1,4.07,10.71,8.19,1,1,71.65
18569,18569,2018-01-10,8,GENERAL,RACUCHY GRZESKOWIAK 320 G,4,4.65,10.71,8.19,1,1,71.65
18570,18570,2018-01-10,8,GENERAL,SMAK MAK GALARETKA Z KURCZAKA 200G,2,3.15,10.71,8.19,1,1,71.65
18571,18571,2018-01-10,8,GENERAL,SMAK MAK INDYK W GALARECIE 200G,2,3.5,10.71,8.19,1,1,71.65
18572,18572,2018-01-10,8,GENERAL,SMAK MAK JAJKO Z SZYNKA W GALARECIE 200G,3,3.5,10.71,8.19,1,1,71.65
18573,18573,2018-01-10,8,GENERAL,SMAK MAK MEDALIONY Z SEREM 315 G,2,5.52,10.71,8.19,1,1,71.65
18574,18574,2018-01-10,8,GENERAL,SMAK MAK SURÓWKA WIOSENNA 300 G,1,2.29,10.71,8.19,1,1,71.65
18575,18575,2018-01-10,8,GENERAL,SMAK MAK ZAPIEKANKA Z PIECZARKAMI 250 G,1,3.42,10.71,8.19,1,1,71.65
18576,18576,2018-01-10,8,GENERAL,SOK Z BURAKA 750 ML,2,3.84,10.71,8.19,1,1,71.65
18577,18577,2018-01-10,8,GENERAL,SOL HIMALAJSKA CZARNA 500G,1,2.86,10.71,8.19,1,1,71.65
18578,18578,2018-01-10,8,GENERAL,STRZYKAWKA Z ZELEM,28,0.83,10.71,8.19,1,1,71.65
18579,18579,2018-01-10,8,GENERAL,WAFLE RYZOWE W CZEKOLADZIE 70 G DESE,3,2.4,10.71,8.19,1,1,71.65
18580,18580,2018-01-10,8,GENERAL,WAFLE RYZOWE W CZEKOLADZIE MIECZ.Z SOLA,3,2.4,10.71,8.19,1,1,71.65
18581,18581,2018-01-10,8,GENERAL,WAFLE RYZOWE Z SOLA MORSKA POL_MLYN 100G,3,1.9,10.71,8.19,1,1,71.65
18582,18582,2018-01-10,8,GENERAL,WEDEL CZEKOL.100G PANNA COTTA,1,2.43,10.71,8.19,1,1,71.65
18583,18583,2018-01-10,8,GENERAL,WEGIEL DO GRILA 2 KG,1,4.69,10.71,8.19,1,1,71.65
18584,18584,2018-01-10,8,GENERAL,WIN BUDYN CZEKOLADOWY B/CUKRU 38 G,5,0.72,10.71,8.19,1,1,71.65
18585,18585,2018-01-10,8,GENERAL,WIN GALARETKA PRZEZROCZYSTA 71 G,2,1.46,10.71,8.19,1,1,71.65
18586,18586,2018-01-10,8,GENERAL,WIN MAJONEZ 300 G,14,3.11428571428571,10.71,8.19,1,1,71.65
18587,18587,2018-01-10,8,GENERAL,WIN POMYS? NA KOTLECIKI SCHABOWE Z PIEPR,2,1.94,10.71,8.19,1,1,71.65
18588,18588,2018-01-10,8,GENERAL,ZNICZ DUZY,2,9.75,10.71,8.19,1,1,71.65
18589,18589,2018-01-10,8,GENERAL,ZNICZ TECZA,1,13.81,10.71,8.19,1,1,71.65
18590,18590,2018-01-10,8,GENERAL,ZUPA 9 WARZYW 450 G,5,3.57,10.71,8.19,1,1,71.65
18591,18591,2018-01-10,8,GENERAL,ZUPA VIFON KREWETKA PIKANTNA OSTRA,1,0.92,10.71,8.19,1,1,71.65
20381,20381,2018-01-11,9,GENERAL,AMINO BLYSK  KARTOFLE PO POZNAN.65 G,2,1.65,3.97,0.77,1,1,80.6
20382,20382,2018-01-11,9,GENERAL,AMINO BLYSK .POMIDOROWA Z PIETRUSZKA,15,1.19733333333333,3.97,0.77,1,1,80.6
20383,20383,2018-01-11,9,GENERAL,AMINO BLYSK BARSZCZ CZERW Z MAJERANKIEM,20,0.948,3.97,0.77,1,1,80.6
20384,20384,2018-01-11,9,GENERAL,BANDAZ 5 CM *4 M,2,0.31,3.97,0.77,1,1,80.6
20385,20385,2018-01-11,9,GENERAL,BANKI MYDLANE,4,1.0,3.97,0.77,1,1,80.6
20386,20386,2018-01-11,9,GENERAL,BATERIA R3 WARTA ALKAICZNA,29,0.86,3.97,0.77,1,1,80.6
20387,20387,2018-01-11,9,GENERAL,BERLISO 180 G+20G TRUSKA,1,1.59,3.97,0.77,1,1,80.6
20388,20388,2018-01-11,9,GENERAL,BRYKIET 2 KG,1,4.69,3.97,0.77,1,1,80.6
20389,20389,2018-01-11,9,GENERAL,CATERING SANDWICH 180 G,2,3.34,3.97,0.77,1,1,80.6
20390,20390,2018-01-11,9,GENERAL,CATERING SANDWISCH 180 G,1,3.34,3.97,0.77,1,1,80.6
20391,20391,2018-01-11,9,GENERAL,CEBULKA MARYNOWANA 305 G OLE,2,3.25,3.97,0.77,1,1,80.6
20392,20392,2018-01-11,9,GENERAL,CHRUPKI KUKURYDZIANE 200G,2,1.62,3.97,0.77,1,1,80.6
20393,20393,2018-01-11,9,GENERAL,CHRZAN KRAKUS 190 G,1,1.81,3.97,0.77,1,1,80.6
20394,20394,2018-01-11,9,GENERAL,CIASTKA TWIN 8 SZT MILK,1,3.8,3.97,0.77,1,1,80.6
20395,20395,2018-01-11,9,GENERAL,CIASTKO TWIN 8 SZT KAKAO,1,3.8,3.97,0.77,1,1,80.6
20396,20396,2018-01-11,9,GENERAL,CWIKLA Z CHRZANEM 300 G SLON.OGROD,2,1.275,3.97,0.77,1,1,80.6
20397,20397,2018-01-11,9,GENERAL,CYKORIA BUDYN MALINOWY 40 G B/CUKRU,6,0.68,3.97,0.77,1,1,80.6
20398,20398,2018-01-11,9,GENERAL,CZEK ALPEN GOLD 100 G MLECZNA,2,2.04,3.97,0.77,1,1,80.6
20399,20399,2018-01-11,9,GENERAL,CZEK ALPEN GOLD 100G ORZECH,4,1.87,3.97,0.77,1,1,80.6
20400,20400,2018-01-11,9,GENERAL,CZEK.ALPEN GOLD 90G TRUS.,1,1.86,3.97,0.77,1,1,80.6
20401,20401,2018-01-11,9,GENERAL,FASOLA PIEKNY JAS 400 SARITA,3,2.62,3.97,0.77,1,1,80.6
20402,20402,2018-01-11,9,GENERAL,GROCH PO?ÓWKI400 KROS,7,0.85,3.97,0.77,1,1,80.6
20403,20403,2018-01-11,9,GENERAL,GROSZEK PTYSIOWY 100G,1,2.9,3.97,0.77,1,1,80.6
20404,20404,2018-01-11,9,GENERAL,KLEJ SUPER GLU,13,1.02,3.97,0.77,1,1,80.6
20405,20405,2018-01-11,9,GENERAL,KNORR G.K MAKARON BOLONSKI,2,4.36,3.97,0.77,1,1,80.6
20406,20406,2018-01-11,9,GENERAL,KNORR NUDLE POMIDOROWA LAGODNA,5,1.68,3.97,0.77,1,1,80.6
20407,20407,2018-01-11,9,GENERAL,KRAKUS BARSZCZ CZERW.300 ML KONC,1,3.62,3.97,0.77,1,1,80.6
20408,20408,2018-01-11,9,GENERAL,KREM KARPATKA DELECTA 145 G,2,3.56,3.97,0.77,1,1,80.6
20409,20409,2018-01-11,9,GENERAL,KROKIETY Z MIESEM  GRZESKOWIAK,1,4.95,3.97,0.77,1,1,80.6
20410,20410,2018-01-11,9,GENERAL,LOWICZ DZEM CZEKO WISNIA 250 G,1,5.16,3.97,0.77,1,1,80.6
20411,20411,2018-01-11,9,GENERAL,MAK EKOMAK 500 G SWIDERKI,15,1.75,3.97,0.77,1,1,80.6
20412,20412,2018-01-11,9,GENERAL,MAK SULMA PAPPARDELE 320 G,1,2.39,3.97,0.77,1,1,80.6
20413,20413,2018-01-11,9,GENERAL,MAKA  Z AMARANTUSA 250,2,4.22,3.97,0.77,1,1,80.6
20414,20414,2018-01-11,9,GENERAL,MAKA GRYCZANA 500 G,1,6.0,3.97,0.77,1,1,80.6
20415,20415,2018-01-11,9,GENERAL,MAKA KOKOSOWA 1 KG,1,8.15,3.97,0.77,1,1,80.6
20416,20416,2018-01-11,9,GENERAL,MAKA RYZOWA 500 G,3,3.67,3.97,0.77,1,1,80.6
20417,20417,2018-01-11,9,GENERAL,MAKA RYZOWA 500 G,3,3.43,3.97,0.77,1,1,80.6
20418,20418,2018-01-11,9,GENERAL,MARCHEW Z GROSZKIEM+KUKURYDZA  470 G SLO,5,1.81,3.97,0.77,1,1,80.6
20419,20419,2018-01-11,9,GENERAL,MARYNATA 160 G WEGIERSKA,1,2.53,3.97,0.77,1,1,80.6
20420,20420,2018-01-11,9,GENERAL,MIKUS KREM Z PALUSZKAMI 25 G,5,1.45,3.97,0.77,1,1,80.6
20421,20421,2018-01-11,9,GENERAL,MLEKO KOKOSOWE 250 ML CZEKOLADA,2,3.4,3.97,0.77,1,1,80.6
20422,20422,2018-01-11,9,GENERAL,MOZZARELLA 125 G MINI,3,3.06,3.97,0.77,1,1,80.6
20423,20423,2018-01-11,9,GENERAL,OPASKA NA REKE ODBLASK,6,0.67,3.97,0.77,1,1,80.6
20424,20424,2018-01-11,9,GENERAL,PASSATA 680 G LOWICZ,2,4.58,3.97,0.77,1,1,80.6
20425,20425,2018-01-11,9,GENERAL,PASZTET PODLASKI 50 G,1,0.51,3.97,0.77,1,1,80.6
20426,20426,2018-01-11,9,GENERAL,PERSIL 1_4 KG COLOR,1,10.19,3.97,0.77,1,1,80.6
20427,20427,2018-01-11,9,GENERAL,PIEROGI RUSKIE 400G KOTWICA,1,3.47,3.97,0.77,1,1,80.6
20428,20428,2018-01-11,9,GENERAL,PLATKI FITNESS 225 G FRUITS,2,3.47,3.97,0.77,1,1,80.6
20429,20429,2018-01-11,9,GENERAL,PODGRZYBEK 20 G,3,4.44,3.97,0.77,1,1,80.6
20430,20430,2018-01-11,9,GENERAL,PODGRZYBEK BRUNATNY 20 G RONPOL,2,3.9,3.97,0.77,1,1,80.6
20431,20431,2018-01-11,9,GENERAL,POWIDLA WEGIERKOWE 290 HERBOPOL,1,3.56,3.97,0.77,1,1,80.6
20432,20432,2018-01-11,9,GENERAL,PRETZEL 100 G CHIPS,1,1.78,3.97,0.77,1,1,80.6
20433,20433,2018-01-11,9,GENERAL,PUDL KONCEN.POMIDOROWY 310 G,6,4.32,3.97,0.77,1,1,80.6
20434,20434,2018-01-11,9,GENERAL,PUDL MIESZANKA WARZYWNA PO MEKSYKAN.450,1,4.07,3.97,0.77,1,1,80.6
20435,20435,2018-01-11,9,GENERAL,RACUCHY GRZESKOWIAK 320 G,1,4.65,3.97,0.77,1,1,80.6
20436,20436,2018-01-11,9,GENERAL,SMAK MAK FLAKI KROLEWSKIE 800G,2,7.4,3.97,0.77,1,1,80.6
20437,20437,2018-01-11,9,GENERAL,SMAK MAK FLAKI W ROSOLE 800 G,1,7.2,3.97,0.77,1,1,80.6
20438,20438,2018-01-11,9,GENERAL,SMAK MAK INDYK W GALARECIE 200G,1,3.5,3.97,0.77,1,1,80.6
20439,20439,2018-01-11,9,GENERAL,SMAK MAK JAJKO Z SZYNKA W GALARECIE 200G,2,3.5,3.97,0.77,1,1,80.6
20440,20440,2018-01-11,9,GENERAL,SMAK MAK MEDALIONY Z SEREM 315 G,2,5.52,3.97,0.77,1,1,80.6
20441,20441,2018-01-11,9,GENERAL,SMAK MAK NUGGETS  300G,2,5.52,3.97,0.77,1,1,80.6
20442,20442,2018-01-11,9,GENERAL,SMAK MAK PIEROGI Z SEREM 400G,2,4.45,3.97,0.77,1,1,80.6
20443,20443,2018-01-11,9,GENERAL,SMAK MAK SURÓWKA KOPERKOWA 300G,1,2.29,3.97,0.77,1,1,80.6
20444,20444,2018-01-11,9,GENERAL,SOL HIMALAJSKA ROZOWA 500 G,1,2.45,3.97,0.77,1,1,80.6
20445,20445,2018-01-11,9,GENERAL,TABLETKI PIEC ZIÓL GARD?O,1,3.6,3.97,0.77,1,1,80.6
20446,20446,2018-01-11,9,GENERAL,VITAFIZZ WIT C,1,3.05,3.97,0.77,1,1,80.6
20447,20447,2018-01-11,9,GENERAL,WAFLE RYZOWE W CZEKOLADZIE 70 G DESE,1,2.4,3.97,0.77,1,1,80.6
20448,20448,2018-01-11,9,GENERAL,WIN GALARETKA PRZEZROCZYSTA 71 G,3,1.05,3.97,0.77,1,1,80.6
20449,20449,2018-01-11,9,GENERAL,WIN MAJONEZ 300 G,16,3.28,3.97,0.77,1,1,80.6
20450,20450,2018-01-11,9,GENERAL,WIN ZUPA OGONOWA,1,1.16,3.97,0.77,1,1,80.6
20451,20451,2018-01-11,9,GENERAL,ZAPIEKANKA Z KEBABEM 240 G,1,3.34,3.97,0.77,1,1,80.6
20452,20452,2018-01-11,9,GENERAL,ZUPA 9 WARZYW 450 G,2,3.57,3.97,0.77,1,1,80.6
20453,20453,2018-01-11,9,GENERAL,ZUREK BUTELKA 0_5 L,1,1.31,3.97,0.77,1,1,80.6
22219,22219,2018-01-12,12,GENERAL,AMINO BLYSK  KARTOFLE PO POZNAN.65 G,5,1.65,0.37,-3.61,1,3,88.58
22220,22220,2018-01-12,12,GENERAL,AMINO BLYSK .POMIDOROWA Z PIETRUSZKA,18,1.02,0.37,-3.61,1,3,88.58
22221,22221,2018-01-12,12,GENERAL,AMINO BLYSK BARSZCZ CZERW Z MAJERANKIEM,16,1.02,0.37,-3.61,1,3,88.58
22222,22222,2018-01-12,12,GENERAL,BANDAZ 5 CM *4 M,2,0.31,0.37,-3.61,1,3,88.58
22223,22223,2018-01-12,12,GENERAL,BANKI MYDLANE,5,1.0,0.37,-3.61,1,3,88.58
22224,22224,2018-01-12,12,GENERAL,BATERIA R3 WARTA ALKAICZNA,19,0.86,0.37,-3.61,1,3,88.58
22225,22225,2018-01-12,12,GENERAL,BATON LION LATTE 40 G,2,0.72,0.37,-3.61,1,3,88.58
22226,22226,2018-01-12,12,GENERAL,BOMBONIERKA VOBRO 126 G,2,5.25,0.37,-3.61,1,3,88.58
22227,22227,2018-01-12,12,GENERAL,BOMBONIERKA WAWEL MARCEPAN 150 G,2,3.52,0.37,-3.61,1,3,88.58
22228,22228,2018-01-12,12,GENERAL,BOROWIK SUSZONY 20 G,5,3.55,0.37,-3.61,1,3,88.58
22229,22229,2018-01-12,12,GENERAL,BOROWIK SUSZONY 40 G,2,8.36,0.37,-3.61,1,3,88.58
22230,22230,2018-01-12,12,GENERAL,CATERING SANDWICH 180 G,1,2.97,0.37,-3.61,1,3,88.58
22231,22231,2018-01-12,12,GENERAL,CATERING SANDWISCH 180 G,2,3.0,0.37,-3.61,1,3,88.58
22232,22232,2018-01-12,12,GENERAL,CHRUPKI KUKURYDZIANE 200G,1,1.62,0.37,-3.61,1,3,88.58
22233,22233,2018-01-12,12,GENERAL,CHRZAN KRAKUS 190 G,8,1.81,0.37,-3.61,1,3,88.58
22234,22234,2018-01-12,12,GENERAL,CYKORIA BUDYN MALINOWY 40 G B/CUKRU,5,0.68,0.37,-3.61,1,3,88.58
22235,22235,2018-01-12,12,GENERAL,DR O KISIEL SLOD.CHWILA MANGO+ANANAS32 G,2,1.06,0.37,-3.61,1,3,88.58
22236,22236,2018-01-12,12,GENERAL,DR OETKER KISIEL SLODKS CHWILA 32 G MAL,3,1.06,0.37,-3.61,1,3,88.58
22237,22237,2018-01-12,12,GENERAL,FASOLA BIALA 400G SLON.OGROD,13,1.48,0.37,-3.61,1,3,88.58
22238,22238,2018-01-12,12,GENERAL,FASOLA PIEKNY JAS 400 SARITA,5,2.62,0.37,-3.61,1,3,88.58
22239,22239,2018-01-12,12,GENERAL,JAB?KO PRAZONE 900G,2,5.94,0.37,-3.61,1,3,88.58
22240,22240,2018-01-12,12,GENERAL,KINDER MAXI MIX,1,19.62,0.37,-3.61,1,3,88.58
22241,22241,2018-01-12,12,GENERAL,KLEJ SUPER GLU,11,1.02,0.37,-3.61,1,3,88.58
22242,22242,2018-01-12,12,GENERAL,KNORR BARSZCZ BIALY 45 G,1,1.19,0.37,-3.61,1,3,88.58
22243,22243,2018-01-12,12,GENERAL,KNORR FIX RURKI Z KURCZAKIEM,1,2.09,0.37,-3.61,1,3,88.58
22244,22244,2018-01-12,12,GENERAL,KNORR NUDLE POMIDOROWA LAGODNA,11,1.68,0.37,-3.61,1,3,88.58
22245,22245,2018-01-12,12,GENERAL,KNORR ROSÓ? KOSTKA 3L 60 G,6,1.19,0.37,-3.61,1,3,88.58
22246,22246,2018-01-12,12,GENERAL,KNORR SOS SALATKOWY OGRODOWY,2,1.27,0.37,-3.61,1,3,88.58
22247,22247,2018-01-12,12,GENERAL,KRAKUS BARSZCZ CZERW.300 ML KONC,14,3.62,0.37,-3.61,1,3,88.58
22248,22248,2018-01-12,12,GENERAL,KREM KARPATKA DELECTA 145 G,1,3.56,0.37,-3.61,1,3,88.58
22249,22249,2018-01-12,12,GENERAL,KROKIETY Z MIESEM  GRZESKOWIAK,3,4.95,0.37,-3.61,1,3,88.58
22250,22250,2018-01-12,12,GENERAL,MAK NIEBIESKI 400 G,1,9.43,0.37,-3.61,1,3,88.58
22251,22251,2018-01-12,12,GENERAL,MARCHEW Z GROSZKIEM+KUKURYDZA  470 G SLO,10,1.81,0.37,-3.61,1,3,88.58
22252,22252,2018-01-12,12,GENERAL,MIKUS KREM Z PALUSZKAMI 25 G,15,1.45,0.37,-3.61,1,3,88.58
22253,22253,2018-01-12,12,GENERAL,MLEKO KOKOSOWE 250 ML TRUSKAWKA,3,3.4,0.37,-3.61,1,3,88.58
22254,22254,2018-01-12,12,GENERAL,OPASKA NA REKE ODBLASK,3,0.67,0.37,-3.61,1,3,88.58
22255,22255,2018-01-12,12,GENERAL,OREGANO 20 G,1,2.17,0.37,-3.61,1,3,88.58
22256,22256,2018-01-12,12,GENERAL,ORZESZKI W SKORUPCE 100G CEBULA,9,1.66,0.37,-3.61,1,3,88.58
22257,22257,2018-01-12,12,GENERAL,PASSATA 680 G LOWICZ,1,4.58,0.37,-3.61,1,3,88.58
22258,22258,2018-01-12,12,GENERAL,PLATKI FITNESS 225 G FRUITS,1,3.47,0.37,-3.61,1,3,88.58
22259,22259,2018-01-12,12,GENERAL,PODGRZYBEK 20 G,1,4.44,0.37,-3.61,1,3,88.58
22260,22260,2018-01-12,12,GENERAL,PODGRZYBEK BRUNATNY 20 G RONPOL,1,3.9,0.37,-3.61,1,3,88.58
22261,22261,2018-01-12,12,GENERAL,POPCORN  SOLONY 90 G HELIO,5,1.57,0.37,-3.61,1,3,88.58
22262,22262,2018-01-12,12,GENERAL,POWIDLA WEGIERKOWE 290 HERBOPOL,2,3.56,0.37,-3.61,1,3,88.58
22263,22263,2018-01-12,12,GENERAL,PRETZEL 100 G CHIPS,2,1.78,0.37,-3.61,1,3,88.58
22264,22264,2018-01-12,12,GENERAL,PRZYPRAWA DO DROBIU 20 G,1,2.08,0.37,-3.61,1,3,88.58
22265,22265,2018-01-12,12,GENERAL,PRZYPRAWA DO PIERNIKOW 20 G,15,0.57,0.37,-3.61,1,3,88.58
22266,22266,2018-01-12,12,GENERAL,PUDL KETCHUP ?AGODNY 410 G,10,3.588,0.37,-3.61,1,3,88.58
22267,22267,2018-01-12,12,GENERAL,PUDL KETCHUP PIKANTNY 480 G,1,3.55,0.37,-3.61,1,3,88.58
22268,22268,2018-01-12,12,GENERAL,SMAK MAK GALARETKA Z KURCZAKA 200G,2,3.15,0.37,-3.61,1,3,88.58
22269,22269,2018-01-12,12,GENERAL,SMAK MAK GALAT WIEPRZOWY 200G,3,3.15,0.37,-3.61,1,3,88.58
22270,22270,2018-01-12,12,GENERAL,SMAK MAK JAJKO W SZYNCE 200G,2,3.5,0.37,-3.61,1,3,88.58
22271,22271,2018-01-12,12,GENERAL,SMAK MAK MEDALIONY 315 G,1,5.52,0.37,-3.61,1,3,88.58
22272,22272,2018-01-12,12,GENERAL,SMAK MAK MEDALIONY Z SEREM 315 G,3,5.52,0.37,-3.61,1,3,88.58
22273,22273,2018-01-12,12,GENERAL,SMAK MAK NUGGETS  300G,2,5.52,0.37,-3.61,1,3,88.58
22274,22274,2018-01-12,12,GENERAL,SMAK MAK PIEROGI Z KAP.I GRZYBAMI 400G,1,4.45,0.37,-3.61,1,3,88.58
22275,22275,2018-01-12,12,GENERAL,SMAK MAK PIEROGI Z MIESEM 400 G,2,4.45,0.37,-3.61,1,3,88.58
22276,22276,2018-01-12,12,GENERAL,SMAK MAK PIEROGI Z SEREM 400G,2,4.45,0.37,-3.61,1,3,88.58
22277,22277,2018-01-12,12,GENERAL,SMAK MAK PIEROZKI Z PIECZARKAMI 400G,1,4.45,0.37,-3.61,1,3,88.58
22278,22278,2018-01-12,12,GENERAL,SMAK MAK SMALEC ZE SKWARKAMI 200G,3,2.55,0.37,-3.61,1,3,88.58
22279,22279,2018-01-12,12,GENERAL,SMAK MAK ZAPIEKANKA Z PIECZARKAMI 250 G,3,3.42,0.37,-3.61,1,3,88.58
22280,22280,2018-01-12,12,GENERAL,SMAK MAK ZAPIEKANKA Z SZYNKA 270G,1,3.42,0.37,-3.61,1,3,88.58
22281,22281,2018-01-12,12,GENERAL,SOK Z ZURAWINY 750 ML,1,5.67,0.37,-3.61,1,3,88.58
22282,22282,2018-01-12,12,GENERAL,SOL HIMALAJSKA ROZOWA 500 G,2,2.45,0.37,-3.61,1,3,88.58
22283,22283,2018-01-12,12,GENERAL,SOS SOJOWY 150 ML KIKOMAN,1,8.83,0.37,-3.61,1,3,88.58
22284,22284,2018-01-12,12,GENERAL,SPODY Z BEZY SZT,1,8.9,0.37,-3.61,1,3,88.58
22285,22285,2018-01-12,12,GENERAL,VEGETA 200 G +20%,2,2.41,0.37,-3.61,1,3,88.58
22286,22286,2018-01-12,12,GENERAL,WAFLE RYZOWE W CZEKOLADZIE 70 G DESE,3,2.4,0.37,-3.61,1,3,88.58
22287,22287,2018-01-12,12,GENERAL,WIN GALARETKA PRZEZROCZYSTA 71 G,2,1.05,0.37,-3.61,1,3,88.58
22288,22288,2018-01-12,12,GENERAL,WIN MAJONEZ 300 G,21,3.12047619047619,0.37,-3.61,1,3,88.58
22289,22289,2018-01-12,12,GENERAL,WIN POMYS? NA KOTLECIKI SCHABOWE Z PIEPR,1,1.94,0.37,-3.61,1,3,88.58
22290,22290,2018-01-12,12,GENERAL,WIN ZUPA OGONOWA,2,1.16,0.37,-3.61,1,3,88.58
22291,22291,2018-01-12,12,GENERAL,WIORKI KOKOSOWE 100 G,2,1.35,0.37,-3.61,1,3,88.58
22292,22292,2018-01-12,12,GENERAL,ZAPIEKANKA Z KEBABEM 240 G,1,3.34,0.37,-3.61,1,3,88.58
22293,22293,2018-01-12,12,GENERAL,ZESTAW WIGILIJNY 250 G SUSZ,9,2.02,0.37,-3.61,1,3,88.58
22294,22294,2018-01-12,12,GENERAL,ZUPA 9 WARZYW 450 G,3,3.96,0.37,-3.61,1,3,88.58
22295,22295,2018-01-12,12,GENERAL,ZUPA VIFON KREWETKA PIKANTNA OSTRA,4,0.92,0.37,-3.61,1,3,88.58
22296,22296,2018-01-12,12,GENERAL,ZURAWINA 80 G HELIO,6,1.85,0.37,-3.61,1,3,88.58
22297,22297,2018-01-12,12,GENERAL,ZUREK BUTELKA 0_5 L,2,1.31,0.37,-3.61,1,3,88.58
